"dataset","table","column","tags"
"ecclimate","data","x","{""type"": ""POSIXct""}"
"ecclimate","data","value","{""type"": ""numeric""}"
"ecclimate","data","flags","{""type"": ""character""}"
"ecclimate","locations","name","{""type"": ""character""}"
"ecclimate","locations","province","{""type"": ""character""}"
"ecclimate","locations","climateid","{""type"": ""character""}"
"ecclimate","locations","stationid","{""type"": ""integer""}"
"ecclimate","locations","wmoid","{""type"": ""integer""}"
"ecclimate","locations","tcid","{""type"": ""character""}"
"ecclimate","locations","latitude","{""type"": ""numeric""}"
"ecclimate","locations","longitude","{""type"": ""numeric""}"
"ecclimate","locations","elevation","{""type"": ""numeric""}"
"ecclimate","locations","firstyear","{""type"": ""integer""}"
"ecclimate","locations","lastyear","{""type"": ""integer""}"
"ecclimate","locations","hlyfirstyear","{""type"": ""integer""}"
"ecclimate","locations","hlylastyear","{""type"": ""integer""}"
"ecclimate","locations","dlyfirstyear","{""type"": ""integer""}"
"ecclimate","locations","dlylastyear","{""type"": ""integer""}"
"ecclimate","locations","mlyfirstyear","{""type"": ""integer""}"
"ecclimate","locations","mlylastyear","{""type"": ""integer""}"
"ecclimate","params","label","{""type"": ""character""}"
