"dataset","location","param","x","value","tags"
"ecclimate","KENTVILLE_CDA_CS","maxtemp",1999-07-01,28.5,"{}"
"ecclimate","KENTVILLE_CDA_CS","maxtemp",1999-07-02,30.7,"{}"
"ecclimate","KENTVILLE_CDA_CS","maxtemp",1999-07-03,26.4,"{}"
"ecclimate","KENTVILLE_CDA_CS","maxtemp",1999-07-04,28.6,"{}"
"ecclimate","KENTVILLE_CDA_CS","maxtemp",1999-07-05,26,"{}"
"ecclimate","KENTVILLE_CDA_CS","maxtemp",1999-07-06,25.3,"{}"
"ecclimate","KENTVILLE_CDA_CS","maxtemp",1999-07-07,28.6,"{}"
"ecclimate","KENTVILLE_CDA_CS","maxtemp",1999-07-08,23.9,"{}"
"ecclimate","KENTVILLE_CDA_CS","maxtemp",1999-07-09,22.8,"{}"
"ecclimate","KENTVILLE_CDA_CS","maxtemp",1999-07-10,20.9,"{}"
"ecclimate","KENTVILLE_CDA_CS","maxtemp",1999-07-11,20.4,"{}"
"ecclimate","KENTVILLE_CDA_CS","maxtemp",1999-07-12,26.1,"{}"
"ecclimate","KENTVILLE_CDA_CS","maxtemp",1999-07-13,21.9,"{}"
"ecclimate","KENTVILLE_CDA_CS","maxtemp",1999-07-14,26.3,"{}"
"ecclimate","KENTVILLE_CDA_CS","maxtemp",1999-07-15,28.4,"{}"
"ecclimate","KENTVILLE_CDA_CS","maxtemp",1999-07-16,30.9,"{}"
"ecclimate","KENTVILLE_CDA_CS","maxtemp",1999-07-17,34.6,"{}"
"ecclimate","KENTVILLE_CDA_CS","maxtemp",1999-07-18,32.8,"{}"
"ecclimate","KENTVILLE_CDA_CS","maxtemp",1999-07-19,28.6,"{}"
"ecclimate","KENTVILLE_CDA_CS","maxtemp",1999-07-20,23.3,"{}"
"ecclimate","KENTVILLE_CDA_CS","maxtemp",1999-07-21,26,"{}"
"ecclimate","KENTVILLE_CDA_CS","maxtemp",1999-07-22,27.8,"{}"
"ecclimate","KENTVILLE_CDA_CS","maxtemp",1999-07-23,26.2,"{}"
"ecclimate","KENTVILLE_CDA_CS","maxtemp",1999-07-24,24.3,"{}"
"ecclimate","KENTVILLE_CDA_CS","maxtemp",1999-07-25,24.3,"{}"
"ecclimate","KENTVILLE_CDA_CS","maxtemp",1999-07-26,27.6,"{}"
"ecclimate","KENTVILLE_CDA_CS","maxtemp",1999-07-27,26.7,"{}"
"ecclimate","KENTVILLE_CDA_CS","maxtemp",1999-07-28,30.8,"{}"
"ecclimate","KENTVILLE_CDA_CS","maxtemp",1999-07-29,26.3,"{}"
"ecclimate","KENTVILLE_CDA_CS","maxtemp",1999-07-30,30.6,"{}"
"ecclimate","KENTVILLE_CDA_CS","maxtemp",1999-07-31,30.8,"{}"
"ecclimate","KENTVILLE_CDA_CS","maxtemp",1999-08-01,26.2,"{}"
"ecclimate","KENTVILLE_CDA_CS","maxtemp",1999-08-02,27.9,"{}"
"ecclimate","KENTVILLE_CDA_CS","maxtemp",1999-08-03,24.6,"{}"
"ecclimate","KENTVILLE_CDA_CS","maxtemp",1999-08-04,27,"{}"
"ecclimate","KENTVILLE_CDA_CS","maxtemp",1999-08-05,26.5,"{}"
"ecclimate","KENTVILLE_CDA_CS","maxtemp",1999-08-06,26.9,"{}"
"ecclimate","KENTVILLE_CDA_CS","maxtemp",1999-08-07,22.8,"{}"
"ecclimate","KENTVILLE_CDA_CS","maxtemp",1999-08-08,23.9,"{}"
"ecclimate","KENTVILLE_CDA_CS","maxtemp",1999-08-09,19.1,"{}"
"ecclimate","KENTVILLE_CDA_CS","maxtemp",1999-08-10,21.7,"{}"
"ecclimate","KENTVILLE_CDA_CS","maxtemp",1999-08-11,24.2,"{}"
"ecclimate","KENTVILLE_CDA_CS","maxtemp",1999-08-12,19.9,"{}"
"ecclimate","KENTVILLE_CDA_CS","maxtemp",1999-08-13,28.6,"{}"
"ecclimate","KENTVILLE_CDA_CS","maxtemp",1999-08-14,29.1,"{}"
"ecclimate","KENTVILLE_CDA_CS","maxtemp",1999-08-15,18.2,"{}"
"ecclimate","KENTVILLE_CDA_CS","maxtemp",1999-08-16,23.7,"{}"
"ecclimate","KENTVILLE_CDA_CS","maxtemp",1999-08-17,28,"{}"
"ecclimate","KENTVILLE_CDA_CS","maxtemp",1999-08-18,25.6,"{}"
"ecclimate","KENTVILLE_CDA_CS","maxtemp",1999-08-19,19.8,"{}"
"ecclimate","KENTVILLE_CDA_CS","maxtemp",1999-08-20,23.9,"{}"
"ecclimate","KENTVILLE_CDA_CS","maxtemp",1999-08-21,19.1,"{}"
"ecclimate","KENTVILLE_CDA_CS","maxtemp",1999-08-22,19,"{}"
"ecclimate","KENTVILLE_CDA_CS","maxtemp",1999-08-23,23.6,"{}"
"ecclimate","KENTVILLE_CDA_CS","maxtemp",1999-08-24,29.2,"{}"
"ecclimate","KENTVILLE_CDA_CS","maxtemp",1999-08-25,29.3,"{}"
"ecclimate","KENTVILLE_CDA_CS","maxtemp",1999-08-26,29.4,"{}"
"ecclimate","KENTVILLE_CDA_CS","maxtemp",1999-08-27,28.2,"{}"
"ecclimate","KENTVILLE_CDA_CS","maxtemp",1999-08-28,27.7,"{}"
"ecclimate","KENTVILLE_CDA_CS","maxtemp",1999-08-29,26.4,"{}"
"ecclimate","KENTVILLE_CDA_CS","maxtemp",1999-08-30,20.7,"{}"
"ecclimate","KENTVILLE_CDA_CS","maxtemp",1999-08-31,23.8,"{}"
"ecclimate","KENTVILLE_CDA_CS","mintemp",1999-07-01,16.1,"{}"
"ecclimate","KENTVILLE_CDA_CS","mintemp",1999-07-02,19.2,"{}"
"ecclimate","KENTVILLE_CDA_CS","mintemp",1999-07-03,19.2,"{}"
"ecclimate","KENTVILLE_CDA_CS","mintemp",1999-07-04,14,"{}"
"ecclimate","KENTVILLE_CDA_CS","mintemp",1999-07-05,19.7,"{}"
"ecclimate","KENTVILLE_CDA_CS","mintemp",1999-07-06,9.3,"{}"
"ecclimate","KENTVILLE_CDA_CS","mintemp",1999-07-07,16.5,"{}"
"ecclimate","KENTVILLE_CDA_CS","mintemp",1999-07-08,12.9,"{}"
"ecclimate","KENTVILLE_CDA_CS","mintemp",1999-07-09,12.7,"{}"
"ecclimate","KENTVILLE_CDA_CS","mintemp",1999-07-10,14.5,"{}"
"ecclimate","KENTVILLE_CDA_CS","mintemp",1999-07-11,15.3,"{}"
"ecclimate","KENTVILLE_CDA_CS","mintemp",1999-07-12,11.4,"{}"
"ecclimate","KENTVILLE_CDA_CS","mintemp",1999-07-13,11,"{}"
"ecclimate","KENTVILLE_CDA_CS","mintemp",1999-07-14,12.4,"{}"
"ecclimate","KENTVILLE_CDA_CS","mintemp",1999-07-15,13.4,"{}"
"ecclimate","KENTVILLE_CDA_CS","mintemp",1999-07-16,11.4,"{}"
"ecclimate","KENTVILLE_CDA_CS","mintemp",1999-07-17,18.6,"{}"
"ecclimate","KENTVILLE_CDA_CS","mintemp",1999-07-18,18.7,"{}"
"ecclimate","KENTVILLE_CDA_CS","mintemp",1999-07-19,17.7,"{}"
"ecclimate","KENTVILLE_CDA_CS","mintemp",1999-07-20,14.8,"{}"
"ecclimate","KENTVILLE_CDA_CS","mintemp",1999-07-21,12.2,"{}"
"ecclimate","KENTVILLE_CDA_CS","mintemp",1999-07-22,10.8,"{}"
"ecclimate","KENTVILLE_CDA_CS","mintemp",1999-07-23,17.7,"{}"
"ecclimate","KENTVILLE_CDA_CS","mintemp",1999-07-24,17,"{}"
"ecclimate","KENTVILLE_CDA_CS","mintemp",1999-07-25,18.4,"{}"
"ecclimate","KENTVILLE_CDA_CS","mintemp",1999-07-26,19,"{}"
"ecclimate","KENTVILLE_CDA_CS","mintemp",1999-07-27,19.5,"{}"
"ecclimate","KENTVILLE_CDA_CS","mintemp",1999-07-28,17.6,"{}"
"ecclimate","KENTVILLE_CDA_CS","mintemp",1999-07-29,16,"{}"
"ecclimate","KENTVILLE_CDA_CS","mintemp",1999-07-30,15.5,"{}"
"ecclimate","KENTVILLE_CDA_CS","mintemp",1999-07-31,14.8,"{}"
"ecclimate","KENTVILLE_CDA_CS","mintemp",1999-08-01,16.6,"{}"
"ecclimate","KENTVILLE_CDA_CS","mintemp",1999-08-02,17.7,"{}"
"ecclimate","KENTVILLE_CDA_CS","mintemp",1999-08-03,13.4,"{}"
"ecclimate","KENTVILLE_CDA_CS","mintemp",1999-08-04,11.1,"{}"
"ecclimate","KENTVILLE_CDA_CS","mintemp",1999-08-05,12.3,"{}"
"ecclimate","KENTVILLE_CDA_CS","mintemp",1999-08-06,16.8,"{}"
"ecclimate","KENTVILLE_CDA_CS","mintemp",1999-08-07,15.4,"{}"
"ecclimate","KENTVILLE_CDA_CS","mintemp",1999-08-08,13.9,"{}"
"ecclimate","KENTVILLE_CDA_CS","mintemp",1999-08-09,14.6,"{}"
"ecclimate","KENTVILLE_CDA_CS","mintemp",1999-08-10,11.4,"{}"
"ecclimate","KENTVILLE_CDA_CS","mintemp",1999-08-11,8.2,"{}"
"ecclimate","KENTVILLE_CDA_CS","mintemp",1999-08-12,10.8,"{}"
"ecclimate","KENTVILLE_CDA_CS","mintemp",1999-08-13,16.9,"{}"
"ecclimate","KENTVILLE_CDA_CS","mintemp",1999-08-14,18.6,"{}"
"ecclimate","KENTVILLE_CDA_CS","mintemp",1999-08-15,17.3,"{}"
"ecclimate","KENTVILLE_CDA_CS","mintemp",1999-08-16,14.9,"{}"
"ecclimate","KENTVILLE_CDA_CS","mintemp",1999-08-17,11.7,"{}"
"ecclimate","KENTVILLE_CDA_CS","mintemp",1999-08-18,19.9,"{}"
"ecclimate","KENTVILLE_CDA_CS","mintemp",1999-08-19,15,"{}"
"ecclimate","KENTVILLE_CDA_CS","mintemp",1999-08-20,10.9,"{}"
"ecclimate","KENTVILLE_CDA_CS","mintemp",1999-08-21,9.6,"{}"
"ecclimate","KENTVILLE_CDA_CS","mintemp",1999-08-22,16.2,"{}"
"ecclimate","KENTVILLE_CDA_CS","mintemp",1999-08-23,17.5,"{}"
"ecclimate","KENTVILLE_CDA_CS","mintemp",1999-08-24,12.3,"{}"
"ecclimate","KENTVILLE_CDA_CS","mintemp",1999-08-25,14.1,"{}"
"ecclimate","KENTVILLE_CDA_CS","mintemp",1999-08-26,14,"{}"
"ecclimate","KENTVILLE_CDA_CS","mintemp",1999-08-27,13.7,"{}"
"ecclimate","KENTVILLE_CDA_CS","mintemp",1999-08-28,20.9,"{}"
"ecclimate","KENTVILLE_CDA_CS","mintemp",1999-08-29,18.2,"{}"
"ecclimate","KENTVILLE_CDA_CS","mintemp",1999-08-30,13,"{}"
"ecclimate","KENTVILLE_CDA_CS","mintemp",1999-08-31,9.9,"{}"
"ecclimate","KENTVILLE_CDA_CS","meantemp",1999-07-01,22.3,"{}"
"ecclimate","KENTVILLE_CDA_CS","meantemp",1999-07-02,25,"{}"
"ecclimate","KENTVILLE_CDA_CS","meantemp",1999-07-03,22.8,"{}"
"ecclimate","KENTVILLE_CDA_CS","meantemp",1999-07-04,21.3,"{}"
"ecclimate","KENTVILLE_CDA_CS","meantemp",1999-07-05,22.9,"{}"
"ecclimate","KENTVILLE_CDA_CS","meantemp",1999-07-06,17.3,"{}"
"ecclimate","KENTVILLE_CDA_CS","meantemp",1999-07-07,22.6,"{}"
"ecclimate","KENTVILLE_CDA_CS","meantemp",1999-07-08,18.4,"{}"
"ecclimate","KENTVILLE_CDA_CS","meantemp",1999-07-09,17.8,"{}"
"ecclimate","KENTVILLE_CDA_CS","meantemp",1999-07-10,17.7,"{}"
"ecclimate","KENTVILLE_CDA_CS","meantemp",1999-07-11,17.9,"{}"
"ecclimate","KENTVILLE_CDA_CS","meantemp",1999-07-12,18.8,"{}"
"ecclimate","KENTVILLE_CDA_CS","meantemp",1999-07-13,16.5,"{}"
"ecclimate","KENTVILLE_CDA_CS","meantemp",1999-07-14,19.4,"{}"
"ecclimate","KENTVILLE_CDA_CS","meantemp",1999-07-15,20.9,"{}"
"ecclimate","KENTVILLE_CDA_CS","meantemp",1999-07-16,21.2,"{}"
"ecclimate","KENTVILLE_CDA_CS","meantemp",1999-07-17,26.6,"{}"
"ecclimate","KENTVILLE_CDA_CS","meantemp",1999-07-18,25.8,"{}"
"ecclimate","KENTVILLE_CDA_CS","meantemp",1999-07-19,23.2,"{}"
"ecclimate","KENTVILLE_CDA_CS","meantemp",1999-07-20,19.1,"{}"
"ecclimate","KENTVILLE_CDA_CS","meantemp",1999-07-21,19.1,"{}"
"ecclimate","KENTVILLE_CDA_CS","meantemp",1999-07-22,19.3,"{}"
"ecclimate","KENTVILLE_CDA_CS","meantemp",1999-07-23,22,"{}"
"ecclimate","KENTVILLE_CDA_CS","meantemp",1999-07-24,20.7,"{}"
"ecclimate","KENTVILLE_CDA_CS","meantemp",1999-07-25,21.4,"{}"
"ecclimate","KENTVILLE_CDA_CS","meantemp",1999-07-26,23.3,"{}"
"ecclimate","KENTVILLE_CDA_CS","meantemp",1999-07-27,23.1,"{}"
"ecclimate","KENTVILLE_CDA_CS","meantemp",1999-07-28,24.2,"{}"
"ecclimate","KENTVILLE_CDA_CS","meantemp",1999-07-29,21.2,"{}"
"ecclimate","KENTVILLE_CDA_CS","meantemp",1999-07-30,23.1,"{}"
"ecclimate","KENTVILLE_CDA_CS","meantemp",1999-07-31,22.8,"{}"
"ecclimate","KENTVILLE_CDA_CS","meantemp",1999-08-01,21.4,"{}"
"ecclimate","KENTVILLE_CDA_CS","meantemp",1999-08-02,22.8,"{}"
"ecclimate","KENTVILLE_CDA_CS","meantemp",1999-08-03,19,"{}"
"ecclimate","KENTVILLE_CDA_CS","meantemp",1999-08-04,19.1,"{}"
"ecclimate","KENTVILLE_CDA_CS","meantemp",1999-08-05,19.4,"{}"
"ecclimate","KENTVILLE_CDA_CS","meantemp",1999-08-06,21.9,"{}"
"ecclimate","KENTVILLE_CDA_CS","meantemp",1999-08-07,19.1,"{}"
"ecclimate","KENTVILLE_CDA_CS","meantemp",1999-08-08,18.9,"{}"
"ecclimate","KENTVILLE_CDA_CS","meantemp",1999-08-09,16.9,"{}"
"ecclimate","KENTVILLE_CDA_CS","meantemp",1999-08-10,16.6,"{}"
"ecclimate","KENTVILLE_CDA_CS","meantemp",1999-08-11,16.2,"{}"
"ecclimate","KENTVILLE_CDA_CS","meantemp",1999-08-12,15.4,"{}"
"ecclimate","KENTVILLE_CDA_CS","meantemp",1999-08-13,22.8,"{}"
"ecclimate","KENTVILLE_CDA_CS","meantemp",1999-08-14,23.9,"{}"
"ecclimate","KENTVILLE_CDA_CS","meantemp",1999-08-15,17.8,"{}"
"ecclimate","KENTVILLE_CDA_CS","meantemp",1999-08-16,19.3,"{}"
"ecclimate","KENTVILLE_CDA_CS","meantemp",1999-08-17,19.9,"{}"
"ecclimate","KENTVILLE_CDA_CS","meantemp",1999-08-18,22.8,"{}"
"ecclimate","KENTVILLE_CDA_CS","meantemp",1999-08-19,17.4,"{}"
"ecclimate","KENTVILLE_CDA_CS","meantemp",1999-08-20,17.4,"{}"
"ecclimate","KENTVILLE_CDA_CS","meantemp",1999-08-21,14.4,"{}"
"ecclimate","KENTVILLE_CDA_CS","meantemp",1999-08-22,17.6,"{}"
"ecclimate","KENTVILLE_CDA_CS","meantemp",1999-08-23,20.6,"{}"
"ecclimate","KENTVILLE_CDA_CS","meantemp",1999-08-24,20.8,"{}"
"ecclimate","KENTVILLE_CDA_CS","meantemp",1999-08-25,21.7,"{}"
"ecclimate","KENTVILLE_CDA_CS","meantemp",1999-08-26,21.7,"{}"
"ecclimate","KENTVILLE_CDA_CS","meantemp",1999-08-27,21,"{}"
"ecclimate","KENTVILLE_CDA_CS","meantemp",1999-08-28,24.3,"{}"
"ecclimate","KENTVILLE_CDA_CS","meantemp",1999-08-29,22.3,"{}"
"ecclimate","KENTVILLE_CDA_CS","meantemp",1999-08-30,16.9,"{}"
"ecclimate","KENTVILLE_CDA_CS","meantemp",1999-08-31,16.9,"{}"
"ecclimate","KENTVILLE_CDA_CS","heatdegdays",1999-07-01,0,"{}"
"ecclimate","KENTVILLE_CDA_CS","heatdegdays",1999-07-02,0,"{}"
"ecclimate","KENTVILLE_CDA_CS","heatdegdays",1999-07-03,0,"{}"
"ecclimate","KENTVILLE_CDA_CS","heatdegdays",1999-07-04,0,"{}"
"ecclimate","KENTVILLE_CDA_CS","heatdegdays",1999-07-05,0,"{}"
"ecclimate","KENTVILLE_CDA_CS","heatdegdays",1999-07-06,0.7,"{}"
"ecclimate","KENTVILLE_CDA_CS","heatdegdays",1999-07-07,0,"{}"
"ecclimate","KENTVILLE_CDA_CS","heatdegdays",1999-07-08,0,"{}"
"ecclimate","KENTVILLE_CDA_CS","heatdegdays",1999-07-09,0.2,"{}"
"ecclimate","KENTVILLE_CDA_CS","heatdegdays",1999-07-10,0.3,"{}"
"ecclimate","KENTVILLE_CDA_CS","heatdegdays",1999-07-11,0.1,"{}"
"ecclimate","KENTVILLE_CDA_CS","heatdegdays",1999-07-12,0,"{}"
"ecclimate","KENTVILLE_CDA_CS","heatdegdays",1999-07-13,1.5,"{}"
"ecclimate","KENTVILLE_CDA_CS","heatdegdays",1999-07-14,0,"{}"
"ecclimate","KENTVILLE_CDA_CS","heatdegdays",1999-07-15,0,"{}"
"ecclimate","KENTVILLE_CDA_CS","heatdegdays",1999-07-16,0,"{}"
"ecclimate","KENTVILLE_CDA_CS","heatdegdays",1999-07-17,0,"{}"
"ecclimate","KENTVILLE_CDA_CS","heatdegdays",1999-07-18,0,"{}"
"ecclimate","KENTVILLE_CDA_CS","heatdegdays",1999-07-19,0,"{}"
"ecclimate","KENTVILLE_CDA_CS","heatdegdays",1999-07-20,0,"{}"
"ecclimate","KENTVILLE_CDA_CS","heatdegdays",1999-07-21,0,"{}"
"ecclimate","KENTVILLE_CDA_CS","heatdegdays",1999-07-22,0,"{}"
"ecclimate","KENTVILLE_CDA_CS","heatdegdays",1999-07-23,0,"{}"
"ecclimate","KENTVILLE_CDA_CS","heatdegdays",1999-07-24,0,"{}"
"ecclimate","KENTVILLE_CDA_CS","heatdegdays",1999-07-25,0,"{}"
"ecclimate","KENTVILLE_CDA_CS","heatdegdays",1999-07-26,0,"{}"
"ecclimate","KENTVILLE_CDA_CS","heatdegdays",1999-07-27,0,"{}"
"ecclimate","KENTVILLE_CDA_CS","heatdegdays",1999-07-28,0,"{}"
"ecclimate","KENTVILLE_CDA_CS","heatdegdays",1999-07-29,0,"{}"
"ecclimate","KENTVILLE_CDA_CS","heatdegdays",1999-07-30,0,"{}"
"ecclimate","KENTVILLE_CDA_CS","heatdegdays",1999-07-31,0,"{}"
"ecclimate","KENTVILLE_CDA_CS","heatdegdays",1999-08-01,0,"{}"
"ecclimate","KENTVILLE_CDA_CS","heatdegdays",1999-08-02,0,"{}"
"ecclimate","KENTVILLE_CDA_CS","heatdegdays",1999-08-03,0,"{}"
"ecclimate","KENTVILLE_CDA_CS","heatdegdays",1999-08-04,0,"{}"
"ecclimate","KENTVILLE_CDA_CS","heatdegdays",1999-08-05,0,"{}"
"ecclimate","KENTVILLE_CDA_CS","heatdegdays",1999-08-06,0,"{}"
"ecclimate","KENTVILLE_CDA_CS","heatdegdays",1999-08-07,0,"{}"
"ecclimate","KENTVILLE_CDA_CS","heatdegdays",1999-08-08,0,"{}"
"ecclimate","KENTVILLE_CDA_CS","heatdegdays",1999-08-09,1.1,"{}"
"ecclimate","KENTVILLE_CDA_CS","heatdegdays",1999-08-10,1.4,"{}"
"ecclimate","KENTVILLE_CDA_CS","heatdegdays",1999-08-11,1.8,"{}"
"ecclimate","KENTVILLE_CDA_CS","heatdegdays",1999-08-12,2.6,"{}"
"ecclimate","KENTVILLE_CDA_CS","heatdegdays",1999-08-13,0,"{}"
"ecclimate","KENTVILLE_CDA_CS","heatdegdays",1999-08-14,0,"{}"
"ecclimate","KENTVILLE_CDA_CS","heatdegdays",1999-08-15,0.2,"{}"
"ecclimate","KENTVILLE_CDA_CS","heatdegdays",1999-08-16,0,"{}"
"ecclimate","KENTVILLE_CDA_CS","heatdegdays",1999-08-17,0,"{}"
"ecclimate","KENTVILLE_CDA_CS","heatdegdays",1999-08-18,0,"{}"
"ecclimate","KENTVILLE_CDA_CS","heatdegdays",1999-08-19,0.6,"{}"
"ecclimate","KENTVILLE_CDA_CS","heatdegdays",1999-08-20,0.6,"{}"
"ecclimate","KENTVILLE_CDA_CS","heatdegdays",1999-08-21,3.6,"{}"
"ecclimate","KENTVILLE_CDA_CS","heatdegdays",1999-08-22,0.4,"{}"
"ecclimate","KENTVILLE_CDA_CS","heatdegdays",1999-08-23,0,"{}"
"ecclimate","KENTVILLE_CDA_CS","heatdegdays",1999-08-24,0,"{}"
"ecclimate","KENTVILLE_CDA_CS","heatdegdays",1999-08-25,0,"{}"
"ecclimate","KENTVILLE_CDA_CS","heatdegdays",1999-08-26,0,"{}"
"ecclimate","KENTVILLE_CDA_CS","heatdegdays",1999-08-27,0,"{}"
"ecclimate","KENTVILLE_CDA_CS","heatdegdays",1999-08-28,0,"{}"
"ecclimate","KENTVILLE_CDA_CS","heatdegdays",1999-08-29,0,"{}"
"ecclimate","KENTVILLE_CDA_CS","heatdegdays",1999-08-30,1.1,"{}"
"ecclimate","KENTVILLE_CDA_CS","heatdegdays",1999-08-31,1.1,"{}"
"ecclimate","KENTVILLE_CDA_CS","cooldegdays",1999-07-01,4.3,"{}"
"ecclimate","KENTVILLE_CDA_CS","cooldegdays",1999-07-02,7,"{}"
"ecclimate","KENTVILLE_CDA_CS","cooldegdays",1999-07-03,4.8,"{}"
"ecclimate","KENTVILLE_CDA_CS","cooldegdays",1999-07-04,3.3,"{}"
"ecclimate","KENTVILLE_CDA_CS","cooldegdays",1999-07-05,4.9,"{}"
"ecclimate","KENTVILLE_CDA_CS","cooldegdays",1999-07-06,0,"{}"
"ecclimate","KENTVILLE_CDA_CS","cooldegdays",1999-07-07,4.6,"{}"
"ecclimate","KENTVILLE_CDA_CS","cooldegdays",1999-07-08,0.4,"{}"
"ecclimate","KENTVILLE_CDA_CS","cooldegdays",1999-07-09,0,"{}"
"ecclimate","KENTVILLE_CDA_CS","cooldegdays",1999-07-10,0,"{}"
"ecclimate","KENTVILLE_CDA_CS","cooldegdays",1999-07-11,0,"{}"
"ecclimate","KENTVILLE_CDA_CS","cooldegdays",1999-07-12,0.8,"{}"
"ecclimate","KENTVILLE_CDA_CS","cooldegdays",1999-07-13,0,"{}"
"ecclimate","KENTVILLE_CDA_CS","cooldegdays",1999-07-14,1.4,"{}"
"ecclimate","KENTVILLE_CDA_CS","cooldegdays",1999-07-15,2.9,"{}"
"ecclimate","KENTVILLE_CDA_CS","cooldegdays",1999-07-16,3.2,"{}"
"ecclimate","KENTVILLE_CDA_CS","cooldegdays",1999-07-17,8.6,"{}"
"ecclimate","KENTVILLE_CDA_CS","cooldegdays",1999-07-18,7.8,"{}"
"ecclimate","KENTVILLE_CDA_CS","cooldegdays",1999-07-19,5.2,"{}"
"ecclimate","KENTVILLE_CDA_CS","cooldegdays",1999-07-20,1.1,"{}"
"ecclimate","KENTVILLE_CDA_CS","cooldegdays",1999-07-21,1.1,"{}"
"ecclimate","KENTVILLE_CDA_CS","cooldegdays",1999-07-22,1.3,"{}"
"ecclimate","KENTVILLE_CDA_CS","cooldegdays",1999-07-23,4,"{}"
"ecclimate","KENTVILLE_CDA_CS","cooldegdays",1999-07-24,2.7,"{}"
"ecclimate","KENTVILLE_CDA_CS","cooldegdays",1999-07-25,3.4,"{}"
"ecclimate","KENTVILLE_CDA_CS","cooldegdays",1999-07-26,5.3,"{}"
"ecclimate","KENTVILLE_CDA_CS","cooldegdays",1999-07-27,5.1,"{}"
"ecclimate","KENTVILLE_CDA_CS","cooldegdays",1999-07-28,6.2,"{}"
"ecclimate","KENTVILLE_CDA_CS","cooldegdays",1999-07-29,3.2,"{}"
"ecclimate","KENTVILLE_CDA_CS","cooldegdays",1999-07-30,5.1,"{}"
"ecclimate","KENTVILLE_CDA_CS","cooldegdays",1999-07-31,4.8,"{}"
"ecclimate","KENTVILLE_CDA_CS","cooldegdays",1999-08-01,3.4,"{}"
"ecclimate","KENTVILLE_CDA_CS","cooldegdays",1999-08-02,4.8,"{}"
"ecclimate","KENTVILLE_CDA_CS","cooldegdays",1999-08-03,1,"{}"
"ecclimate","KENTVILLE_CDA_CS","cooldegdays",1999-08-04,1.1,"{}"
"ecclimate","KENTVILLE_CDA_CS","cooldegdays",1999-08-05,1.4,"{}"
"ecclimate","KENTVILLE_CDA_CS","cooldegdays",1999-08-06,3.9,"{}"
"ecclimate","KENTVILLE_CDA_CS","cooldegdays",1999-08-07,1.1,"{}"
"ecclimate","KENTVILLE_CDA_CS","cooldegdays",1999-08-08,0.9,"{}"
"ecclimate","KENTVILLE_CDA_CS","cooldegdays",1999-08-09,0,"{}"
"ecclimate","KENTVILLE_CDA_CS","cooldegdays",1999-08-10,0,"{}"
"ecclimate","KENTVILLE_CDA_CS","cooldegdays",1999-08-11,0,"{}"
"ecclimate","KENTVILLE_CDA_CS","cooldegdays",1999-08-12,0,"{}"
"ecclimate","KENTVILLE_CDA_CS","cooldegdays",1999-08-13,4.8,"{}"
"ecclimate","KENTVILLE_CDA_CS","cooldegdays",1999-08-14,5.9,"{}"
"ecclimate","KENTVILLE_CDA_CS","cooldegdays",1999-08-15,0,"{}"
"ecclimate","KENTVILLE_CDA_CS","cooldegdays",1999-08-16,1.3,"{}"
"ecclimate","KENTVILLE_CDA_CS","cooldegdays",1999-08-17,1.9,"{}"
"ecclimate","KENTVILLE_CDA_CS","cooldegdays",1999-08-18,4.8,"{}"
"ecclimate","KENTVILLE_CDA_CS","cooldegdays",1999-08-19,0,"{}"
"ecclimate","KENTVILLE_CDA_CS","cooldegdays",1999-08-20,0,"{}"
"ecclimate","KENTVILLE_CDA_CS","cooldegdays",1999-08-21,0,"{}"
"ecclimate","KENTVILLE_CDA_CS","cooldegdays",1999-08-22,0,"{}"
"ecclimate","KENTVILLE_CDA_CS","cooldegdays",1999-08-23,2.6,"{}"
"ecclimate","KENTVILLE_CDA_CS","cooldegdays",1999-08-24,2.8,"{}"
"ecclimate","KENTVILLE_CDA_CS","cooldegdays",1999-08-25,3.7,"{}"
"ecclimate","KENTVILLE_CDA_CS","cooldegdays",1999-08-26,3.7,"{}"
"ecclimate","KENTVILLE_CDA_CS","cooldegdays",1999-08-27,3,"{}"
"ecclimate","KENTVILLE_CDA_CS","cooldegdays",1999-08-28,6.3,"{}"
"ecclimate","KENTVILLE_CDA_CS","cooldegdays",1999-08-29,4.3,"{}"
"ecclimate","KENTVILLE_CDA_CS","cooldegdays",1999-08-30,0,"{}"
"ecclimate","KENTVILLE_CDA_CS","cooldegdays",1999-08-31,0,"{}"
"ecclimate","KENTVILLE_CDA_CS","totalrain",1999-07-01,NA,"{}"
"ecclimate","KENTVILLE_CDA_CS","totalrain",1999-07-02,NA,"{}"
"ecclimate","KENTVILLE_CDA_CS","totalrain",1999-07-03,NA,"{}"
"ecclimate","KENTVILLE_CDA_CS","totalrain",1999-07-04,NA,"{}"
"ecclimate","KENTVILLE_CDA_CS","totalrain",1999-07-05,NA,"{}"
"ecclimate","KENTVILLE_CDA_CS","totalrain",1999-07-06,NA,"{}"
"ecclimate","KENTVILLE_CDA_CS","totalrain",1999-07-07,NA,"{}"
"ecclimate","KENTVILLE_CDA_CS","totalrain",1999-07-08,NA,"{}"
"ecclimate","KENTVILLE_CDA_CS","totalrain",1999-07-09,NA,"{}"
"ecclimate","KENTVILLE_CDA_CS","totalrain",1999-07-10,NA,"{}"
"ecclimate","KENTVILLE_CDA_CS","totalrain",1999-07-11,NA,"{}"
"ecclimate","KENTVILLE_CDA_CS","totalrain",1999-07-12,NA,"{}"
"ecclimate","KENTVILLE_CDA_CS","totalrain",1999-07-13,NA,"{}"
"ecclimate","KENTVILLE_CDA_CS","totalrain",1999-07-14,NA,"{}"
"ecclimate","KENTVILLE_CDA_CS","totalrain",1999-07-15,NA,"{}"
"ecclimate","KENTVILLE_CDA_CS","totalrain",1999-07-16,NA,"{}"
"ecclimate","KENTVILLE_CDA_CS","totalrain",1999-07-17,NA,"{}"
"ecclimate","KENTVILLE_CDA_CS","totalrain",1999-07-18,NA,"{}"
"ecclimate","KENTVILLE_CDA_CS","totalrain",1999-07-19,NA,"{}"
"ecclimate","KENTVILLE_CDA_CS","totalrain",1999-07-20,NA,"{}"
"ecclimate","KENTVILLE_CDA_CS","totalrain",1999-07-21,NA,"{}"
"ecclimate","KENTVILLE_CDA_CS","totalrain",1999-07-22,NA,"{}"
"ecclimate","KENTVILLE_CDA_CS","totalrain",1999-07-23,NA,"{}"
"ecclimate","KENTVILLE_CDA_CS","totalrain",1999-07-24,NA,"{}"
"ecclimate","KENTVILLE_CDA_CS","totalrain",1999-07-25,NA,"{}"
"ecclimate","KENTVILLE_CDA_CS","totalrain",1999-07-26,NA,"{}"
"ecclimate","KENTVILLE_CDA_CS","totalrain",1999-07-27,NA,"{}"
"ecclimate","KENTVILLE_CDA_CS","totalrain",1999-07-28,NA,"{}"
"ecclimate","KENTVILLE_CDA_CS","totalrain",1999-07-29,NA,"{}"
"ecclimate","KENTVILLE_CDA_CS","totalrain",1999-07-30,NA,"{}"
"ecclimate","KENTVILLE_CDA_CS","totalrain",1999-07-31,NA,"{}"
"ecclimate","KENTVILLE_CDA_CS","totalrain",1999-08-01,NA,"{}"
"ecclimate","KENTVILLE_CDA_CS","totalrain",1999-08-02,NA,"{}"
"ecclimate","KENTVILLE_CDA_CS","totalrain",1999-08-03,NA,"{}"
"ecclimate","KENTVILLE_CDA_CS","totalrain",1999-08-04,NA,"{}"
"ecclimate","KENTVILLE_CDA_CS","totalrain",1999-08-05,NA,"{}"
"ecclimate","KENTVILLE_CDA_CS","totalrain",1999-08-06,NA,"{}"
"ecclimate","KENTVILLE_CDA_CS","totalrain",1999-08-07,NA,"{}"
"ecclimate","KENTVILLE_CDA_CS","totalrain",1999-08-08,NA,"{}"
"ecclimate","KENTVILLE_CDA_CS","totalrain",1999-08-09,NA,"{}"
"ecclimate","KENTVILLE_CDA_CS","totalrain",1999-08-10,NA,"{}"
"ecclimate","KENTVILLE_CDA_CS","totalrain",1999-08-11,NA,"{}"
"ecclimate","KENTVILLE_CDA_CS","totalrain",1999-08-12,NA,"{}"
"ecclimate","KENTVILLE_CDA_CS","totalrain",1999-08-13,NA,"{}"
"ecclimate","KENTVILLE_CDA_CS","totalrain",1999-08-14,NA,"{}"
"ecclimate","KENTVILLE_CDA_CS","totalrain",1999-08-15,NA,"{}"
"ecclimate","KENTVILLE_CDA_CS","totalrain",1999-08-16,NA,"{}"
"ecclimate","KENTVILLE_CDA_CS","totalrain",1999-08-17,NA,"{}"
"ecclimate","KENTVILLE_CDA_CS","totalrain",1999-08-18,NA,"{}"
"ecclimate","KENTVILLE_CDA_CS","totalrain",1999-08-19,NA,"{}"
"ecclimate","KENTVILLE_CDA_CS","totalrain",1999-08-20,NA,"{}"
"ecclimate","KENTVILLE_CDA_CS","totalrain",1999-08-21,NA,"{}"
"ecclimate","KENTVILLE_CDA_CS","totalrain",1999-08-22,NA,"{}"
"ecclimate","KENTVILLE_CDA_CS","totalrain",1999-08-23,NA,"{}"
"ecclimate","KENTVILLE_CDA_CS","totalrain",1999-08-24,NA,"{}"
"ecclimate","KENTVILLE_CDA_CS","totalrain",1999-08-25,NA,"{}"
"ecclimate","KENTVILLE_CDA_CS","totalrain",1999-08-26,NA,"{}"
"ecclimate","KENTVILLE_CDA_CS","totalrain",1999-08-27,NA,"{}"
"ecclimate","KENTVILLE_CDA_CS","totalrain",1999-08-28,NA,"{}"
"ecclimate","KENTVILLE_CDA_CS","totalrain",1999-08-29,NA,"{}"
"ecclimate","KENTVILLE_CDA_CS","totalrain",1999-08-30,NA,"{}"
"ecclimate","KENTVILLE_CDA_CS","totalrain",1999-08-31,NA,"{}"
"ecclimate","KENTVILLE_CDA_CS","totalsnow",1999-07-01,NA,"{}"
"ecclimate","KENTVILLE_CDA_CS","totalsnow",1999-07-02,NA,"{}"
"ecclimate","KENTVILLE_CDA_CS","totalsnow",1999-07-03,NA,"{}"
"ecclimate","KENTVILLE_CDA_CS","totalsnow",1999-07-04,NA,"{}"
"ecclimate","KENTVILLE_CDA_CS","totalsnow",1999-07-05,NA,"{}"
"ecclimate","KENTVILLE_CDA_CS","totalsnow",1999-07-06,NA,"{}"
"ecclimate","KENTVILLE_CDA_CS","totalsnow",1999-07-07,NA,"{}"
"ecclimate","KENTVILLE_CDA_CS","totalsnow",1999-07-08,NA,"{}"
"ecclimate","KENTVILLE_CDA_CS","totalsnow",1999-07-09,NA,"{}"
"ecclimate","KENTVILLE_CDA_CS","totalsnow",1999-07-10,NA,"{}"
"ecclimate","KENTVILLE_CDA_CS","totalsnow",1999-07-11,NA,"{}"
"ecclimate","KENTVILLE_CDA_CS","totalsnow",1999-07-12,NA,"{}"
"ecclimate","KENTVILLE_CDA_CS","totalsnow",1999-07-13,NA,"{}"
"ecclimate","KENTVILLE_CDA_CS","totalsnow",1999-07-14,NA,"{}"
"ecclimate","KENTVILLE_CDA_CS","totalsnow",1999-07-15,NA,"{}"
"ecclimate","KENTVILLE_CDA_CS","totalsnow",1999-07-16,NA,"{}"
"ecclimate","KENTVILLE_CDA_CS","totalsnow",1999-07-17,NA,"{}"
"ecclimate","KENTVILLE_CDA_CS","totalsnow",1999-07-18,NA,"{}"
"ecclimate","KENTVILLE_CDA_CS","totalsnow",1999-07-19,NA,"{}"
"ecclimate","KENTVILLE_CDA_CS","totalsnow",1999-07-20,NA,"{}"
"ecclimate","KENTVILLE_CDA_CS","totalsnow",1999-07-21,NA,"{}"
"ecclimate","KENTVILLE_CDA_CS","totalsnow",1999-07-22,NA,"{}"
"ecclimate","KENTVILLE_CDA_CS","totalsnow",1999-07-23,NA,"{}"
"ecclimate","KENTVILLE_CDA_CS","totalsnow",1999-07-24,NA,"{}"
"ecclimate","KENTVILLE_CDA_CS","totalsnow",1999-07-25,NA,"{}"
"ecclimate","KENTVILLE_CDA_CS","totalsnow",1999-07-26,NA,"{}"
"ecclimate","KENTVILLE_CDA_CS","totalsnow",1999-07-27,NA,"{}"
"ecclimate","KENTVILLE_CDA_CS","totalsnow",1999-07-28,NA,"{}"
"ecclimate","KENTVILLE_CDA_CS","totalsnow",1999-07-29,NA,"{}"
"ecclimate","KENTVILLE_CDA_CS","totalsnow",1999-07-30,NA,"{}"
"ecclimate","KENTVILLE_CDA_CS","totalsnow",1999-07-31,NA,"{}"
"ecclimate","KENTVILLE_CDA_CS","totalsnow",1999-08-01,NA,"{}"
"ecclimate","KENTVILLE_CDA_CS","totalsnow",1999-08-02,NA,"{}"
"ecclimate","KENTVILLE_CDA_CS","totalsnow",1999-08-03,NA,"{}"
"ecclimate","KENTVILLE_CDA_CS","totalsnow",1999-08-04,NA,"{}"
"ecclimate","KENTVILLE_CDA_CS","totalsnow",1999-08-05,NA,"{}"
"ecclimate","KENTVILLE_CDA_CS","totalsnow",1999-08-06,NA,"{}"
"ecclimate","KENTVILLE_CDA_CS","totalsnow",1999-08-07,NA,"{}"
"ecclimate","KENTVILLE_CDA_CS","totalsnow",1999-08-08,NA,"{}"
"ecclimate","KENTVILLE_CDA_CS","totalsnow",1999-08-09,NA,"{}"
"ecclimate","KENTVILLE_CDA_CS","totalsnow",1999-08-10,NA,"{}"
"ecclimate","KENTVILLE_CDA_CS","totalsnow",1999-08-11,NA,"{}"
"ecclimate","KENTVILLE_CDA_CS","totalsnow",1999-08-12,NA,"{}"
"ecclimate","KENTVILLE_CDA_CS","totalsnow",1999-08-13,NA,"{}"
"ecclimate","KENTVILLE_CDA_CS","totalsnow",1999-08-14,NA,"{}"
"ecclimate","KENTVILLE_CDA_CS","totalsnow",1999-08-15,NA,"{}"
"ecclimate","KENTVILLE_CDA_CS","totalsnow",1999-08-16,NA,"{}"
"ecclimate","KENTVILLE_CDA_CS","totalsnow",1999-08-17,NA,"{}"
"ecclimate","KENTVILLE_CDA_CS","totalsnow",1999-08-18,NA,"{}"
"ecclimate","KENTVILLE_CDA_CS","totalsnow",1999-08-19,NA,"{}"
"ecclimate","KENTVILLE_CDA_CS","totalsnow",1999-08-20,NA,"{}"
"ecclimate","KENTVILLE_CDA_CS","totalsnow",1999-08-21,NA,"{}"
"ecclimate","KENTVILLE_CDA_CS","totalsnow",1999-08-22,NA,"{}"
"ecclimate","KENTVILLE_CDA_CS","totalsnow",1999-08-23,NA,"{}"
"ecclimate","KENTVILLE_CDA_CS","totalsnow",1999-08-24,NA,"{}"
"ecclimate","KENTVILLE_CDA_CS","totalsnow",1999-08-25,NA,"{}"
"ecclimate","KENTVILLE_CDA_CS","totalsnow",1999-08-26,NA,"{}"
"ecclimate","KENTVILLE_CDA_CS","totalsnow",1999-08-27,NA,"{}"
"ecclimate","KENTVILLE_CDA_CS","totalsnow",1999-08-28,NA,"{}"
"ecclimate","KENTVILLE_CDA_CS","totalsnow",1999-08-29,NA,"{}"
"ecclimate","KENTVILLE_CDA_CS","totalsnow",1999-08-30,NA,"{}"
"ecclimate","KENTVILLE_CDA_CS","totalsnow",1999-08-31,NA,"{}"
"ecclimate","KENTVILLE_CDA_CS","totalprecip",1999-07-01,0.5,"{}"
"ecclimate","KENTVILLE_CDA_CS","totalprecip",1999-07-02,1.6,"{}"
"ecclimate","KENTVILLE_CDA_CS","totalprecip",1999-07-03,0.2,"{}"
"ecclimate","KENTVILLE_CDA_CS","totalprecip",1999-07-04,1,"{}"
"ecclimate","KENTVILLE_CDA_CS","totalprecip",1999-07-05,0.3,"{}"
"ecclimate","KENTVILLE_CDA_CS","totalprecip",1999-07-06,2.1,"{}"
"ecclimate","KENTVILLE_CDA_CS","totalprecip",1999-07-07,0.5,"{}"
"ecclimate","KENTVILLE_CDA_CS","totalprecip",1999-07-08,0.9,"{}"
"ecclimate","KENTVILLE_CDA_CS","totalprecip",1999-07-09,0.9,"{}"
"ecclimate","KENTVILLE_CDA_CS","totalprecip",1999-07-10,2.5,"{}"
"ecclimate","KENTVILLE_CDA_CS","totalprecip",1999-07-11,0.7,"{}"
"ecclimate","KENTVILLE_CDA_CS","totalprecip",1999-07-12,0,"{}"
"ecclimate","KENTVILLE_CDA_CS","totalprecip",1999-07-13,9.2,"{}"
"ecclimate","KENTVILLE_CDA_CS","totalprecip",1999-07-14,0,"{}"
"ecclimate","KENTVILLE_CDA_CS","totalprecip",1999-07-15,0,"{}"
"ecclimate","KENTVILLE_CDA_CS","totalprecip",1999-07-16,0,"{}"
"ecclimate","KENTVILLE_CDA_CS","totalprecip",1999-07-17,0,"{}"
"ecclimate","KENTVILLE_CDA_CS","totalprecip",1999-07-18,0.5,"{}"
"ecclimate","KENTVILLE_CDA_CS","totalprecip",1999-07-19,0.2,"{}"
"ecclimate","KENTVILLE_CDA_CS","totalprecip",1999-07-20,0.9,"{}"
"ecclimate","KENTVILLE_CDA_CS","totalprecip",1999-07-21,0,"{}"
"ecclimate","KENTVILLE_CDA_CS","totalprecip",1999-07-22,4.4,"{}"
"ecclimate","KENTVILLE_CDA_CS","totalprecip",1999-07-23,1.2,"{}"
"ecclimate","KENTVILLE_CDA_CS","totalprecip",1999-07-24,0.4,"{}"
"ecclimate","KENTVILLE_CDA_CS","totalprecip",1999-07-25,0.8,"{}"
"ecclimate","KENTVILLE_CDA_CS","totalprecip",1999-07-26,1.1,"{}"
"ecclimate","KENTVILLE_CDA_CS","totalprecip",1999-07-27,0.9,"{}"
"ecclimate","KENTVILLE_CDA_CS","totalprecip",1999-07-28,0.6,"{}"
"ecclimate","KENTVILLE_CDA_CS","totalprecip",1999-07-29,0.5,"{}"
"ecclimate","KENTVILLE_CDA_CS","totalprecip",1999-07-30,0.4,"{}"
"ecclimate","KENTVILLE_CDA_CS","totalprecip",1999-07-31,0.2,"{}"
"ecclimate","KENTVILLE_CDA_CS","totalprecip",1999-08-01,0.7,"{}"
"ecclimate","KENTVILLE_CDA_CS","totalprecip",1999-08-02,0.8,"{}"
"ecclimate","KENTVILLE_CDA_CS","totalprecip",1999-08-03,0,"{}"
"ecclimate","KENTVILLE_CDA_CS","totalprecip",1999-08-04,0.8,"{}"
"ecclimate","KENTVILLE_CDA_CS","totalprecip",1999-08-05,0.7,"{}"
"ecclimate","KENTVILLE_CDA_CS","totalprecip",1999-08-06,3.1,"{}"
"ecclimate","KENTVILLE_CDA_CS","totalprecip",1999-08-07,0.8,"{}"
"ecclimate","KENTVILLE_CDA_CS","totalprecip",1999-08-08,4.1,"{}"
"ecclimate","KENTVILLE_CDA_CS","totalprecip",1999-08-09,1,"{}"
"ecclimate","KENTVILLE_CDA_CS","totalprecip",1999-08-10,0,"{}"
"ecclimate","KENTVILLE_CDA_CS","totalprecip",1999-08-11,0.4,"{}"
"ecclimate","KENTVILLE_CDA_CS","totalprecip",1999-08-12,1.1,"{}"
"ecclimate","KENTVILLE_CDA_CS","totalprecip",1999-08-13,1,"{}"
"ecclimate","KENTVILLE_CDA_CS","totalprecip",1999-08-14,19.4,"{}"
"ecclimate","KENTVILLE_CDA_CS","totalprecip",1999-08-15,65.1,"{}"
"ecclimate","KENTVILLE_CDA_CS","totalprecip",1999-08-16,1,"{}"
"ecclimate","KENTVILLE_CDA_CS","totalprecip",1999-08-17,0.2,"{}"
"ecclimate","KENTVILLE_CDA_CS","totalprecip",1999-08-18,2.6,"{}"
"ecclimate","KENTVILLE_CDA_CS","totalprecip",1999-08-19,2.3,"{}"
"ecclimate","KENTVILLE_CDA_CS","totalprecip",1999-08-20,0,"{}"
"ecclimate","KENTVILLE_CDA_CS","totalprecip",1999-08-21,0.5,"{}"
"ecclimate","KENTVILLE_CDA_CS","totalprecip",1999-08-22,3.6,"{}"
"ecclimate","KENTVILLE_CDA_CS","totalprecip",1999-08-23,0.2,"{}"
"ecclimate","KENTVILLE_CDA_CS","totalprecip",1999-08-24,1.8,"{}"
"ecclimate","KENTVILLE_CDA_CS","totalprecip",1999-08-25,0,"{}"
"ecclimate","KENTVILLE_CDA_CS","totalprecip",1999-08-26,0,"{}"
"ecclimate","KENTVILLE_CDA_CS","totalprecip",1999-08-27,0.7,"{}"
"ecclimate","KENTVILLE_CDA_CS","totalprecip",1999-08-28,0.3,"{}"
"ecclimate","KENTVILLE_CDA_CS","totalprecip",1999-08-29,0.3,"{}"
"ecclimate","KENTVILLE_CDA_CS","totalprecip",1999-08-30,1.7,"{}"
"ecclimate","KENTVILLE_CDA_CS","totalprecip",1999-08-31,0,"{}"
"ecclimate","KENTVILLE_CDA_CS","snowongrnd",1999-07-01,0,"{}"
"ecclimate","KENTVILLE_CDA_CS","snowongrnd",1999-07-02,0,"{}"
"ecclimate","KENTVILLE_CDA_CS","snowongrnd",1999-07-03,0,"{}"
"ecclimate","KENTVILLE_CDA_CS","snowongrnd",1999-07-04,0,"{}"
"ecclimate","KENTVILLE_CDA_CS","snowongrnd",1999-07-05,0,"{}"
"ecclimate","KENTVILLE_CDA_CS","snowongrnd",1999-07-06,0,"{}"
"ecclimate","KENTVILLE_CDA_CS","snowongrnd",1999-07-07,0,"{}"
"ecclimate","KENTVILLE_CDA_CS","snowongrnd",1999-07-08,0,"{}"
"ecclimate","KENTVILLE_CDA_CS","snowongrnd",1999-07-09,0,"{}"
"ecclimate","KENTVILLE_CDA_CS","snowongrnd",1999-07-10,0,"{}"
"ecclimate","KENTVILLE_CDA_CS","snowongrnd",1999-07-11,0,"{}"
"ecclimate","KENTVILLE_CDA_CS","snowongrnd",1999-07-12,0,"{}"
"ecclimate","KENTVILLE_CDA_CS","snowongrnd",1999-07-13,0,"{}"
"ecclimate","KENTVILLE_CDA_CS","snowongrnd",1999-07-14,0,"{}"
"ecclimate","KENTVILLE_CDA_CS","snowongrnd",1999-07-15,0,"{}"
"ecclimate","KENTVILLE_CDA_CS","snowongrnd",1999-07-16,0,"{}"
"ecclimate","KENTVILLE_CDA_CS","snowongrnd",1999-07-17,0,"{}"
"ecclimate","KENTVILLE_CDA_CS","snowongrnd",1999-07-18,0,"{}"
"ecclimate","KENTVILLE_CDA_CS","snowongrnd",1999-07-19,0,"{}"
"ecclimate","KENTVILLE_CDA_CS","snowongrnd",1999-07-20,0,"{}"
"ecclimate","KENTVILLE_CDA_CS","snowongrnd",1999-07-21,0,"{}"
"ecclimate","KENTVILLE_CDA_CS","snowongrnd",1999-07-22,0,"{}"
"ecclimate","KENTVILLE_CDA_CS","snowongrnd",1999-07-23,0,"{}"
"ecclimate","KENTVILLE_CDA_CS","snowongrnd",1999-07-24,0,"{}"
"ecclimate","KENTVILLE_CDA_CS","snowongrnd",1999-07-25,0,"{}"
"ecclimate","KENTVILLE_CDA_CS","snowongrnd",1999-07-26,0,"{}"
"ecclimate","KENTVILLE_CDA_CS","snowongrnd",1999-07-27,0,"{}"
"ecclimate","KENTVILLE_CDA_CS","snowongrnd",1999-07-28,0,"{}"
"ecclimate","KENTVILLE_CDA_CS","snowongrnd",1999-07-29,0,"{}"
"ecclimate","KENTVILLE_CDA_CS","snowongrnd",1999-07-30,0,"{}"
"ecclimate","KENTVILLE_CDA_CS","snowongrnd",1999-07-31,0,"{}"
"ecclimate","KENTVILLE_CDA_CS","snowongrnd",1999-08-01,0,"{}"
"ecclimate","KENTVILLE_CDA_CS","snowongrnd",1999-08-02,0,"{}"
"ecclimate","KENTVILLE_CDA_CS","snowongrnd",1999-08-03,0,"{}"
"ecclimate","KENTVILLE_CDA_CS","snowongrnd",1999-08-04,0,"{}"
"ecclimate","KENTVILLE_CDA_CS","snowongrnd",1999-08-05,0,"{}"
"ecclimate","KENTVILLE_CDA_CS","snowongrnd",1999-08-06,0,"{}"
"ecclimate","KENTVILLE_CDA_CS","snowongrnd",1999-08-07,0,"{}"
"ecclimate","KENTVILLE_CDA_CS","snowongrnd",1999-08-08,0,"{}"
"ecclimate","KENTVILLE_CDA_CS","snowongrnd",1999-08-09,0,"{}"
"ecclimate","KENTVILLE_CDA_CS","snowongrnd",1999-08-10,0,"{}"
"ecclimate","KENTVILLE_CDA_CS","snowongrnd",1999-08-11,0,"{}"
"ecclimate","KENTVILLE_CDA_CS","snowongrnd",1999-08-12,0,"{}"
"ecclimate","KENTVILLE_CDA_CS","snowongrnd",1999-08-13,0,"{}"
"ecclimate","KENTVILLE_CDA_CS","snowongrnd",1999-08-14,0,"{}"
"ecclimate","KENTVILLE_CDA_CS","snowongrnd",1999-08-15,0,"{}"
"ecclimate","KENTVILLE_CDA_CS","snowongrnd",1999-08-16,0,"{}"
"ecclimate","KENTVILLE_CDA_CS","snowongrnd",1999-08-17,0,"{}"
"ecclimate","KENTVILLE_CDA_CS","snowongrnd",1999-08-18,0,"{}"
"ecclimate","KENTVILLE_CDA_CS","snowongrnd",1999-08-19,0,"{}"
"ecclimate","KENTVILLE_CDA_CS","snowongrnd",1999-08-20,0,"{}"
"ecclimate","KENTVILLE_CDA_CS","snowongrnd",1999-08-21,0,"{}"
"ecclimate","KENTVILLE_CDA_CS","snowongrnd",1999-08-22,0,"{}"
"ecclimate","KENTVILLE_CDA_CS","snowongrnd",1999-08-23,0,"{}"
"ecclimate","KENTVILLE_CDA_CS","snowongrnd",1999-08-24,0,"{}"
"ecclimate","KENTVILLE_CDA_CS","snowongrnd",1999-08-25,0,"{}"
"ecclimate","KENTVILLE_CDA_CS","snowongrnd",1999-08-26,0,"{}"
"ecclimate","KENTVILLE_CDA_CS","snowongrnd",1999-08-27,0,"{}"
"ecclimate","KENTVILLE_CDA_CS","snowongrnd",1999-08-28,0,"{}"
"ecclimate","KENTVILLE_CDA_CS","snowongrnd",1999-08-29,0,"{}"
"ecclimate","KENTVILLE_CDA_CS","snowongrnd",1999-08-30,0,"{}"
"ecclimate","KENTVILLE_CDA_CS","snowongrnd",1999-08-31,0,"{}"
"ecclimate","KENTVILLE_CDA_CS","dirofmaxgust",1999-07-01,NA,"{}"
"ecclimate","KENTVILLE_CDA_CS","dirofmaxgust",1999-07-02,NA,"{}"
"ecclimate","KENTVILLE_CDA_CS","dirofmaxgust",1999-07-03,NA,"{}"
"ecclimate","KENTVILLE_CDA_CS","dirofmaxgust",1999-07-04,NA,"{}"
"ecclimate","KENTVILLE_CDA_CS","dirofmaxgust",1999-07-05,NA,"{}"
"ecclimate","KENTVILLE_CDA_CS","dirofmaxgust",1999-07-06,NA,"{}"
"ecclimate","KENTVILLE_CDA_CS","dirofmaxgust",1999-07-07,NA,"{}"
"ecclimate","KENTVILLE_CDA_CS","dirofmaxgust",1999-07-08,NA,"{}"
"ecclimate","KENTVILLE_CDA_CS","dirofmaxgust",1999-07-09,NA,"{}"
"ecclimate","KENTVILLE_CDA_CS","dirofmaxgust",1999-07-10,NA,"{}"
"ecclimate","KENTVILLE_CDA_CS","dirofmaxgust",1999-07-11,NA,"{}"
"ecclimate","KENTVILLE_CDA_CS","dirofmaxgust",1999-07-12,NA,"{}"
"ecclimate","KENTVILLE_CDA_CS","dirofmaxgust",1999-07-13,NA,"{}"
"ecclimate","KENTVILLE_CDA_CS","dirofmaxgust",1999-07-14,NA,"{}"
"ecclimate","KENTVILLE_CDA_CS","dirofmaxgust",1999-07-15,NA,"{}"
"ecclimate","KENTVILLE_CDA_CS","dirofmaxgust",1999-07-16,NA,"{}"
"ecclimate","KENTVILLE_CDA_CS","dirofmaxgust",1999-07-17,NA,"{}"
"ecclimate","KENTVILLE_CDA_CS","dirofmaxgust",1999-07-18,NA,"{}"
"ecclimate","KENTVILLE_CDA_CS","dirofmaxgust",1999-07-19,NA,"{}"
"ecclimate","KENTVILLE_CDA_CS","dirofmaxgust",1999-07-20,NA,"{}"
"ecclimate","KENTVILLE_CDA_CS","dirofmaxgust",1999-07-21,NA,"{}"
"ecclimate","KENTVILLE_CDA_CS","dirofmaxgust",1999-07-22,NA,"{}"
"ecclimate","KENTVILLE_CDA_CS","dirofmaxgust",1999-07-23,NA,"{}"
"ecclimate","KENTVILLE_CDA_CS","dirofmaxgust",1999-07-24,NA,"{}"
"ecclimate","KENTVILLE_CDA_CS","dirofmaxgust",1999-07-25,NA,"{}"
"ecclimate","KENTVILLE_CDA_CS","dirofmaxgust",1999-07-26,NA,"{}"
"ecclimate","KENTVILLE_CDA_CS","dirofmaxgust",1999-07-27,NA,"{}"
"ecclimate","KENTVILLE_CDA_CS","dirofmaxgust",1999-07-28,NA,"{}"
"ecclimate","KENTVILLE_CDA_CS","dirofmaxgust",1999-07-29,NA,"{}"
"ecclimate","KENTVILLE_CDA_CS","dirofmaxgust",1999-07-30,NA,"{}"
"ecclimate","KENTVILLE_CDA_CS","dirofmaxgust",1999-07-31,NA,"{}"
"ecclimate","KENTVILLE_CDA_CS","dirofmaxgust",1999-08-01,NA,"{}"
"ecclimate","KENTVILLE_CDA_CS","dirofmaxgust",1999-08-02,NA,"{}"
"ecclimate","KENTVILLE_CDA_CS","dirofmaxgust",1999-08-03,NA,"{}"
"ecclimate","KENTVILLE_CDA_CS","dirofmaxgust",1999-08-04,NA,"{}"
"ecclimate","KENTVILLE_CDA_CS","dirofmaxgust",1999-08-05,NA,"{}"
"ecclimate","KENTVILLE_CDA_CS","dirofmaxgust",1999-08-06,NA,"{}"
"ecclimate","KENTVILLE_CDA_CS","dirofmaxgust",1999-08-07,NA,"{}"
"ecclimate","KENTVILLE_CDA_CS","dirofmaxgust",1999-08-08,NA,"{}"
"ecclimate","KENTVILLE_CDA_CS","dirofmaxgust",1999-08-09,NA,"{}"
"ecclimate","KENTVILLE_CDA_CS","dirofmaxgust",1999-08-10,NA,"{}"
"ecclimate","KENTVILLE_CDA_CS","dirofmaxgust",1999-08-11,NA,"{}"
"ecclimate","KENTVILLE_CDA_CS","dirofmaxgust",1999-08-12,NA,"{}"
"ecclimate","KENTVILLE_CDA_CS","dirofmaxgust",1999-08-13,NA,"{}"
"ecclimate","KENTVILLE_CDA_CS","dirofmaxgust",1999-08-14,NA,"{}"
"ecclimate","KENTVILLE_CDA_CS","dirofmaxgust",1999-08-15,NA,"{}"
"ecclimate","KENTVILLE_CDA_CS","dirofmaxgust",1999-08-16,NA,"{}"
"ecclimate","KENTVILLE_CDA_CS","dirofmaxgust",1999-08-17,NA,"{}"
"ecclimate","KENTVILLE_CDA_CS","dirofmaxgust",1999-08-18,NA,"{}"
"ecclimate","KENTVILLE_CDA_CS","dirofmaxgust",1999-08-19,NA,"{}"
"ecclimate","KENTVILLE_CDA_CS","dirofmaxgust",1999-08-20,NA,"{}"
"ecclimate","KENTVILLE_CDA_CS","dirofmaxgust",1999-08-21,NA,"{}"
"ecclimate","KENTVILLE_CDA_CS","dirofmaxgust",1999-08-22,NA,"{}"
"ecclimate","KENTVILLE_CDA_CS","dirofmaxgust",1999-08-23,NA,"{}"
"ecclimate","KENTVILLE_CDA_CS","dirofmaxgust",1999-08-24,NA,"{}"
"ecclimate","KENTVILLE_CDA_CS","dirofmaxgust",1999-08-25,NA,"{}"
"ecclimate","KENTVILLE_CDA_CS","dirofmaxgust",1999-08-26,NA,"{}"
"ecclimate","KENTVILLE_CDA_CS","dirofmaxgust",1999-08-27,NA,"{}"
"ecclimate","KENTVILLE_CDA_CS","dirofmaxgust",1999-08-28,NA,"{}"
"ecclimate","KENTVILLE_CDA_CS","dirofmaxgust",1999-08-29,NA,"{}"
"ecclimate","KENTVILLE_CDA_CS","dirofmaxgust",1999-08-30,NA,"{}"
"ecclimate","KENTVILLE_CDA_CS","dirofmaxgust",1999-08-31,NA,"{}"
"ecclimate","KENTVILLE_CDA_CS","spdofmaxgust",1999-07-01,NA,"{}"
"ecclimate","KENTVILLE_CDA_CS","spdofmaxgust",1999-07-02,NA,"{}"
"ecclimate","KENTVILLE_CDA_CS","spdofmaxgust",1999-07-03,NA,"{}"
"ecclimate","KENTVILLE_CDA_CS","spdofmaxgust",1999-07-04,NA,"{}"
"ecclimate","KENTVILLE_CDA_CS","spdofmaxgust",1999-07-05,NA,"{}"
"ecclimate","KENTVILLE_CDA_CS","spdofmaxgust",1999-07-06,NA,"{}"
"ecclimate","KENTVILLE_CDA_CS","spdofmaxgust",1999-07-07,NA,"{}"
"ecclimate","KENTVILLE_CDA_CS","spdofmaxgust",1999-07-08,NA,"{}"
"ecclimate","KENTVILLE_CDA_CS","spdofmaxgust",1999-07-09,NA,"{}"
"ecclimate","KENTVILLE_CDA_CS","spdofmaxgust",1999-07-10,NA,"{}"
"ecclimate","KENTVILLE_CDA_CS","spdofmaxgust",1999-07-11,NA,"{}"
"ecclimate","KENTVILLE_CDA_CS","spdofmaxgust",1999-07-12,NA,"{}"
"ecclimate","KENTVILLE_CDA_CS","spdofmaxgust",1999-07-13,NA,"{}"
"ecclimate","KENTVILLE_CDA_CS","spdofmaxgust",1999-07-14,NA,"{}"
"ecclimate","KENTVILLE_CDA_CS","spdofmaxgust",1999-07-15,NA,"{}"
"ecclimate","KENTVILLE_CDA_CS","spdofmaxgust",1999-07-16,NA,"{}"
"ecclimate","KENTVILLE_CDA_CS","spdofmaxgust",1999-07-17,NA,"{}"
"ecclimate","KENTVILLE_CDA_CS","spdofmaxgust",1999-07-18,NA,"{}"
"ecclimate","KENTVILLE_CDA_CS","spdofmaxgust",1999-07-19,NA,"{}"
"ecclimate","KENTVILLE_CDA_CS","spdofmaxgust",1999-07-20,NA,"{}"
"ecclimate","KENTVILLE_CDA_CS","spdofmaxgust",1999-07-21,NA,"{}"
"ecclimate","KENTVILLE_CDA_CS","spdofmaxgust",1999-07-22,NA,"{}"
"ecclimate","KENTVILLE_CDA_CS","spdofmaxgust",1999-07-23,NA,"{}"
"ecclimate","KENTVILLE_CDA_CS","spdofmaxgust",1999-07-24,NA,"{}"
"ecclimate","KENTVILLE_CDA_CS","spdofmaxgust",1999-07-25,NA,"{}"
"ecclimate","KENTVILLE_CDA_CS","spdofmaxgust",1999-07-26,NA,"{}"
"ecclimate","KENTVILLE_CDA_CS","spdofmaxgust",1999-07-27,NA,"{}"
"ecclimate","KENTVILLE_CDA_CS","spdofmaxgust",1999-07-28,NA,"{}"
"ecclimate","KENTVILLE_CDA_CS","spdofmaxgust",1999-07-29,NA,"{}"
"ecclimate","KENTVILLE_CDA_CS","spdofmaxgust",1999-07-30,NA,"{}"
"ecclimate","KENTVILLE_CDA_CS","spdofmaxgust",1999-07-31,NA,"{}"
"ecclimate","KENTVILLE_CDA_CS","spdofmaxgust",1999-08-01,NA,"{}"
"ecclimate","KENTVILLE_CDA_CS","spdofmaxgust",1999-08-02,NA,"{}"
"ecclimate","KENTVILLE_CDA_CS","spdofmaxgust",1999-08-03,NA,"{}"
"ecclimate","KENTVILLE_CDA_CS","spdofmaxgust",1999-08-04,NA,"{}"
"ecclimate","KENTVILLE_CDA_CS","spdofmaxgust",1999-08-05,NA,"{}"
"ecclimate","KENTVILLE_CDA_CS","spdofmaxgust",1999-08-06,NA,"{}"
"ecclimate","KENTVILLE_CDA_CS","spdofmaxgust",1999-08-07,NA,"{}"
"ecclimate","KENTVILLE_CDA_CS","spdofmaxgust",1999-08-08,NA,"{}"
"ecclimate","KENTVILLE_CDA_CS","spdofmaxgust",1999-08-09,NA,"{}"
"ecclimate","KENTVILLE_CDA_CS","spdofmaxgust",1999-08-10,NA,"{}"
"ecclimate","KENTVILLE_CDA_CS","spdofmaxgust",1999-08-11,NA,"{}"
"ecclimate","KENTVILLE_CDA_CS","spdofmaxgust",1999-08-12,NA,"{}"
"ecclimate","KENTVILLE_CDA_CS","spdofmaxgust",1999-08-13,NA,"{}"
"ecclimate","KENTVILLE_CDA_CS","spdofmaxgust",1999-08-14,NA,"{}"
"ecclimate","KENTVILLE_CDA_CS","spdofmaxgust",1999-08-15,NA,"{}"
"ecclimate","KENTVILLE_CDA_CS","spdofmaxgust",1999-08-16,NA,"{}"
"ecclimate","KENTVILLE_CDA_CS","spdofmaxgust",1999-08-17,NA,"{}"
"ecclimate","KENTVILLE_CDA_CS","spdofmaxgust",1999-08-18,NA,"{}"
"ecclimate","KENTVILLE_CDA_CS","spdofmaxgust",1999-08-19,NA,"{}"
"ecclimate","KENTVILLE_CDA_CS","spdofmaxgust",1999-08-20,NA,"{}"
"ecclimate","KENTVILLE_CDA_CS","spdofmaxgust",1999-08-21,NA,"{}"
"ecclimate","KENTVILLE_CDA_CS","spdofmaxgust",1999-08-22,NA,"{}"
"ecclimate","KENTVILLE_CDA_CS","spdofmaxgust",1999-08-23,NA,"{}"
"ecclimate","KENTVILLE_CDA_CS","spdofmaxgust",1999-08-24,NA,"{}"
"ecclimate","KENTVILLE_CDA_CS","spdofmaxgust",1999-08-25,NA,"{}"
"ecclimate","KENTVILLE_CDA_CS","spdofmaxgust",1999-08-26,NA,"{}"
"ecclimate","KENTVILLE_CDA_CS","spdofmaxgust",1999-08-27,NA,"{}"
"ecclimate","KENTVILLE_CDA_CS","spdofmaxgust",1999-08-28,NA,"{}"
"ecclimate","KENTVILLE_CDA_CS","spdofmaxgust",1999-08-29,NA,"{}"
"ecclimate","KENTVILLE_CDA_CS","spdofmaxgust",1999-08-30,NA,"{}"
"ecclimate","KENTVILLE_CDA_CS","spdofmaxgust",1999-08-31,NA,"{}"
"ecclimate","GREENWOOD_A","maxtemp",1999-07-01,27.4,"{}"
"ecclimate","GREENWOOD_A","maxtemp",1999-07-02,29.8,"{}"
"ecclimate","GREENWOOD_A","maxtemp",1999-07-03,26.8,"{}"
"ecclimate","GREENWOOD_A","maxtemp",1999-07-04,28.4,"{}"
"ecclimate","GREENWOOD_A","maxtemp",1999-07-05,27.3,"{}"
"ecclimate","GREENWOOD_A","maxtemp",1999-07-06,25,"{}"
"ecclimate","GREENWOOD_A","maxtemp",1999-07-07,29.3,"{}"
"ecclimate","GREENWOOD_A","maxtemp",1999-07-08,24.6,"{}"
"ecclimate","GREENWOOD_A","maxtemp",1999-07-09,23.9,"{}"
"ecclimate","GREENWOOD_A","maxtemp",1999-07-10,18.8,"{}"
"ecclimate","GREENWOOD_A","maxtemp",1999-07-11,21.2,"{}"
"ecclimate","GREENWOOD_A","maxtemp",1999-07-12,26.1,"{}"
"ecclimate","GREENWOOD_A","maxtemp",1999-07-13,23,"{}"
"ecclimate","GREENWOOD_A","maxtemp",1999-07-14,26.6,"{}"
"ecclimate","GREENWOOD_A","maxtemp",1999-07-15,26.7,"{}"
"ecclimate","GREENWOOD_A","maxtemp",1999-07-16,31,"{}"
"ecclimate","GREENWOOD_A","maxtemp",1999-07-17,34.4,"{}"
"ecclimate","GREENWOOD_A","maxtemp",1999-07-18,31.4,"{}"
"ecclimate","GREENWOOD_A","maxtemp",1999-07-19,28.6,"{}"
"ecclimate","GREENWOOD_A","maxtemp",1999-07-20,23.5,"{}"
"ecclimate","GREENWOOD_A","maxtemp",1999-07-21,26.9,"{}"
"ecclimate","GREENWOOD_A","maxtemp",1999-07-22,27.9,"{}"
"ecclimate","GREENWOOD_A","maxtemp",1999-07-23,26.8,"{}"
"ecclimate","GREENWOOD_A","maxtemp",1999-07-24,31,"{}"
"ecclimate","GREENWOOD_A","maxtemp",1999-07-25,26,"{}"
"ecclimate","GREENWOOD_A","maxtemp",1999-07-26,27,"{}"
"ecclimate","GREENWOOD_A","maxtemp",1999-07-27,25.6,"{}"
"ecclimate","GREENWOOD_A","maxtemp",1999-07-28,30,"{}"
"ecclimate","GREENWOOD_A","maxtemp",1999-07-29,29.4,"{}"
"ecclimate","GREENWOOD_A","maxtemp",1999-07-30,31.8,"{}"
"ecclimate","GREENWOOD_A","maxtemp",1999-07-31,29.6,"{}"
"ecclimate","GREENWOOD_A","maxtemp",1999-08-01,26.9,"{}"
"ecclimate","GREENWOOD_A","maxtemp",1999-08-02,27.1,"{}"
"ecclimate","GREENWOOD_A","maxtemp",1999-08-03,24.9,"{}"
"ecclimate","GREENWOOD_A","maxtemp",1999-08-04,27.2,"{}"
"ecclimate","GREENWOOD_A","maxtemp",1999-08-05,26.6,"{}"
"ecclimate","GREENWOOD_A","maxtemp",1999-08-06,26,"{}"
"ecclimate","GREENWOOD_A","maxtemp",1999-08-07,23.4,"{}"
"ecclimate","GREENWOOD_A","maxtemp",1999-08-08,24.1,"{}"
"ecclimate","GREENWOOD_A","maxtemp",1999-08-09,19.1,"{}"
"ecclimate","GREENWOOD_A","maxtemp",1999-08-10,21.9,"{}"
"ecclimate","GREENWOOD_A","maxtemp",1999-08-11,24.3,"{}"
"ecclimate","GREENWOOD_A","maxtemp",1999-08-12,19,"{}"
"ecclimate","GREENWOOD_A","maxtemp",1999-08-13,28.1,"{}"
"ecclimate","GREENWOOD_A","maxtemp",1999-08-14,28.4,"{}"
"ecclimate","GREENWOOD_A","maxtemp",1999-08-15,22.3,"{}"
"ecclimate","GREENWOOD_A","maxtemp",1999-08-16,23.5,"{}"
"ecclimate","GREENWOOD_A","maxtemp",1999-08-17,28.4,"{}"
"ecclimate","GREENWOOD_A","maxtemp",1999-08-18,24,"{}"
"ecclimate","GREENWOOD_A","maxtemp",1999-08-19,22,"{}"
"ecclimate","GREENWOOD_A","maxtemp",1999-08-20,24.8,"{}"
"ecclimate","GREENWOOD_A","maxtemp",1999-08-21,21.2,"{}"
"ecclimate","GREENWOOD_A","maxtemp",1999-08-22,19.8,"{}"
"ecclimate","GREENWOOD_A","maxtemp",1999-08-23,23.6,"{}"
"ecclimate","GREENWOOD_A","maxtemp",1999-08-24,29.8,"{}"
"ecclimate","GREENWOOD_A","maxtemp",1999-08-25,29.7,"{}"
"ecclimate","GREENWOOD_A","maxtemp",1999-08-26,29.4,"{}"
"ecclimate","GREENWOOD_A","maxtemp",1999-08-27,29.5,"{}"
"ecclimate","GREENWOOD_A","maxtemp",1999-08-28,27.7,"{}"
"ecclimate","GREENWOOD_A","maxtemp",1999-08-29,25.7,"{}"
"ecclimate","GREENWOOD_A","maxtemp",1999-08-30,21.7,"{}"
"ecclimate","GREENWOOD_A","maxtemp",1999-08-31,23.9,"{}"
"ecclimate","GREENWOOD_A","mintemp",1999-07-01,15.3,"{}"
"ecclimate","GREENWOOD_A","mintemp",1999-07-02,19.1,"{}"
"ecclimate","GREENWOOD_A","mintemp",1999-07-03,16.2,"{}"
"ecclimate","GREENWOOD_A","mintemp",1999-07-04,14.9,"{}"
"ecclimate","GREENWOOD_A","mintemp",1999-07-05,11.2,"{}"
"ecclimate","GREENWOOD_A","mintemp",1999-07-06,8.3,"{}"
"ecclimate","GREENWOOD_A","mintemp",1999-07-07,14.8,"{}"
"ecclimate","GREENWOOD_A","mintemp",1999-07-08,12.5,"{}"
"ecclimate","GREENWOOD_A","mintemp",1999-07-09,11.3,"{}"
"ecclimate","GREENWOOD_A","mintemp",1999-07-10,14.1,"{}"
"ecclimate","GREENWOOD_A","mintemp",1999-07-11,11.9,"{}"
"ecclimate","GREENWOOD_A","mintemp",1999-07-12,9.5,"{}"
"ecclimate","GREENWOOD_A","mintemp",1999-07-13,10.5,"{}"
"ecclimate","GREENWOOD_A","mintemp",1999-07-14,11.6,"{}"
"ecclimate","GREENWOOD_A","mintemp",1999-07-15,12.9,"{}"
"ecclimate","GREENWOOD_A","mintemp",1999-07-16,11.8,"{}"
"ecclimate","GREENWOOD_A","mintemp",1999-07-17,18,"{}"
"ecclimate","GREENWOOD_A","mintemp",1999-07-18,18.9,"{}"
"ecclimate","GREENWOOD_A","mintemp",1999-07-19,15.2,"{}"
"ecclimate","GREENWOOD_A","mintemp",1999-07-20,11.7,"{}"
"ecclimate","GREENWOOD_A","mintemp",1999-07-21,9.6,"{}"
"ecclimate","GREENWOOD_A","mintemp",1999-07-22,8.6,"{}"
"ecclimate","GREENWOOD_A","mintemp",1999-07-23,17.3,"{}"
"ecclimate","GREENWOOD_A","mintemp",1999-07-24,16.7,"{}"
"ecclimate","GREENWOOD_A","mintemp",1999-07-25,19,"{}"
"ecclimate","GREENWOOD_A","mintemp",1999-07-26,19.2,"{}"
"ecclimate","GREENWOOD_A","mintemp",1999-07-27,17.6,"{}"
"ecclimate","GREENWOOD_A","mintemp",1999-07-28,17.3,"{}"
"ecclimate","GREENWOOD_A","mintemp",1999-07-29,16,"{}"
"ecclimate","GREENWOOD_A","mintemp",1999-07-30,16.3,"{}"
"ecclimate","GREENWOOD_A","mintemp",1999-07-31,15.9,"{}"
"ecclimate","GREENWOOD_A","mintemp",1999-08-01,14.2,"{}"
"ecclimate","GREENWOOD_A","mintemp",1999-08-02,16.4,"{}"
"ecclimate","GREENWOOD_A","mintemp",1999-08-03,11.4,"{}"
"ecclimate","GREENWOOD_A","mintemp",1999-08-04,9.5,"{}"
"ecclimate","GREENWOOD_A","mintemp",1999-08-05,11.4,"{}"
"ecclimate","GREENWOOD_A","mintemp",1999-08-06,15.6,"{}"
"ecclimate","GREENWOOD_A","mintemp",1999-08-07,14.8,"{}"
"ecclimate","GREENWOOD_A","mintemp",1999-08-08,12.8,"{}"
"ecclimate","GREENWOOD_A","mintemp",1999-08-09,11.8,"{}"
"ecclimate","GREENWOOD_A","mintemp",1999-08-10,10.4,"{}"
"ecclimate","GREENWOOD_A","mintemp",1999-08-11,7.7,"{}"
"ecclimate","GREENWOOD_A","mintemp",1999-08-12,9.5,"{}"
"ecclimate","GREENWOOD_A","mintemp",1999-08-13,17,"{}"
"ecclimate","GREENWOOD_A","mintemp",1999-08-14,21.8,"{}"
"ecclimate","GREENWOOD_A","mintemp",1999-08-15,14.6,"{}"
"ecclimate","GREENWOOD_A","mintemp",1999-08-16,11.5,"{}"
"ecclimate","GREENWOOD_A","mintemp",1999-08-17,11,"{}"
"ecclimate","GREENWOOD_A","mintemp",1999-08-18,15.8,"{}"
"ecclimate","GREENWOOD_A","mintemp",1999-08-19,9,"{}"
"ecclimate","GREENWOOD_A","mintemp",1999-08-20,7.3,"{}"
"ecclimate","GREENWOOD_A","mintemp",1999-08-21,9.2,"{}"
"ecclimate","GREENWOOD_A","mintemp",1999-08-22,15.9,"{}"
"ecclimate","GREENWOOD_A","mintemp",1999-08-23,12.7,"{}"
"ecclimate","GREENWOOD_A","mintemp",1999-08-24,10.6,"{}"
"ecclimate","GREENWOOD_A","mintemp",1999-08-25,13.9,"{}"
"ecclimate","GREENWOOD_A","mintemp",1999-08-26,14.7,"{}"
"ecclimate","GREENWOOD_A","mintemp",1999-08-27,13.7,"{}"
"ecclimate","GREENWOOD_A","mintemp",1999-08-28,19.6,"{}"
"ecclimate","GREENWOOD_A","mintemp",1999-08-29,13.4,"{}"
"ecclimate","GREENWOOD_A","mintemp",1999-08-30,9.8,"{}"
"ecclimate","GREENWOOD_A","mintemp",1999-08-31,9.5,"{}"
"ecclimate","GREENWOOD_A","meantemp",1999-07-01,21.4,"{}"
"ecclimate","GREENWOOD_A","meantemp",1999-07-02,24.5,"{}"
"ecclimate","GREENWOOD_A","meantemp",1999-07-03,21.5,"{}"
"ecclimate","GREENWOOD_A","meantemp",1999-07-04,21.7,"{}"
"ecclimate","GREENWOOD_A","meantemp",1999-07-05,19.3,"{}"
"ecclimate","GREENWOOD_A","meantemp",1999-07-06,16.7,"{}"
"ecclimate","GREENWOOD_A","meantemp",1999-07-07,22.1,"{}"
"ecclimate","GREENWOOD_A","meantemp",1999-07-08,18.6,"{}"
"ecclimate","GREENWOOD_A","meantemp",1999-07-09,17.6,"{}"
"ecclimate","GREENWOOD_A","meantemp",1999-07-10,16.5,"{}"
"ecclimate","GREENWOOD_A","meantemp",1999-07-11,16.6,"{}"
"ecclimate","GREENWOOD_A","meantemp",1999-07-12,17.8,"{}"
"ecclimate","GREENWOOD_A","meantemp",1999-07-13,16.8,"{}"
"ecclimate","GREENWOOD_A","meantemp",1999-07-14,19.1,"{}"
"ecclimate","GREENWOOD_A","meantemp",1999-07-15,19.8,"{}"
"ecclimate","GREENWOOD_A","meantemp",1999-07-16,21.4,"{}"
"ecclimate","GREENWOOD_A","meantemp",1999-07-17,26.2,"{}"
"ecclimate","GREENWOOD_A","meantemp",1999-07-18,25.2,"{}"
"ecclimate","GREENWOOD_A","meantemp",1999-07-19,21.9,"{}"
"ecclimate","GREENWOOD_A","meantemp",1999-07-20,17.6,"{}"
"ecclimate","GREENWOOD_A","meantemp",1999-07-21,18.3,"{}"
"ecclimate","GREENWOOD_A","meantemp",1999-07-22,18.3,"{}"
"ecclimate","GREENWOOD_A","meantemp",1999-07-23,22.1,"{}"
"ecclimate","GREENWOOD_A","meantemp",1999-07-24,23.9,"{}"
"ecclimate","GREENWOOD_A","meantemp",1999-07-25,22.5,"{}"
"ecclimate","GREENWOOD_A","meantemp",1999-07-26,23.1,"{}"
"ecclimate","GREENWOOD_A","meantemp",1999-07-27,21.6,"{}"
"ecclimate","GREENWOOD_A","meantemp",1999-07-28,23.7,"{}"
"ecclimate","GREENWOOD_A","meantemp",1999-07-29,22.7,"{}"
"ecclimate","GREENWOOD_A","meantemp",1999-07-30,24.1,"{}"
"ecclimate","GREENWOOD_A","meantemp",1999-07-31,22.8,"{}"
"ecclimate","GREENWOOD_A","meantemp",1999-08-01,20.6,"{}"
"ecclimate","GREENWOOD_A","meantemp",1999-08-02,21.8,"{}"
"ecclimate","GREENWOOD_A","meantemp",1999-08-03,18.2,"{}"
"ecclimate","GREENWOOD_A","meantemp",1999-08-04,18.4,"{}"
"ecclimate","GREENWOOD_A","meantemp",1999-08-05,19,"{}"
"ecclimate","GREENWOOD_A","meantemp",1999-08-06,20.8,"{}"
"ecclimate","GREENWOOD_A","meantemp",1999-08-07,19.1,"{}"
"ecclimate","GREENWOOD_A","meantemp",1999-08-08,18.5,"{}"
"ecclimate","GREENWOOD_A","meantemp",1999-08-09,15.5,"{}"
"ecclimate","GREENWOOD_A","meantemp",1999-08-10,16.2,"{}"
"ecclimate","GREENWOOD_A","meantemp",1999-08-11,16,"{}"
"ecclimate","GREENWOOD_A","meantemp",1999-08-12,14.3,"{}"
"ecclimate","GREENWOOD_A","meantemp",1999-08-13,22.6,"{}"
"ecclimate","GREENWOOD_A","meantemp",1999-08-14,25.1,"{}"
"ecclimate","GREENWOOD_A","meantemp",1999-08-15,18.5,"{}"
"ecclimate","GREENWOOD_A","meantemp",1999-08-16,17.5,"{}"
"ecclimate","GREENWOOD_A","meantemp",1999-08-17,19.7,"{}"
"ecclimate","GREENWOOD_A","meantemp",1999-08-18,19.9,"{}"
"ecclimate","GREENWOOD_A","meantemp",1999-08-19,15.5,"{}"
"ecclimate","GREENWOOD_A","meantemp",1999-08-20,16.1,"{}"
"ecclimate","GREENWOOD_A","meantemp",1999-08-21,15.2,"{}"
"ecclimate","GREENWOOD_A","meantemp",1999-08-22,17.9,"{}"
"ecclimate","GREENWOOD_A","meantemp",1999-08-23,18.2,"{}"
"ecclimate","GREENWOOD_A","meantemp",1999-08-24,20.2,"{}"
"ecclimate","GREENWOOD_A","meantemp",1999-08-25,21.8,"{}"
"ecclimate","GREENWOOD_A","meantemp",1999-08-26,22.1,"{}"
"ecclimate","GREENWOOD_A","meantemp",1999-08-27,21.6,"{}"
"ecclimate","GREENWOOD_A","meantemp",1999-08-28,23.7,"{}"
"ecclimate","GREENWOOD_A","meantemp",1999-08-29,19.6,"{}"
"ecclimate","GREENWOOD_A","meantemp",1999-08-30,15.8,"{}"
"ecclimate","GREENWOOD_A","meantemp",1999-08-31,16.7,"{}"
"ecclimate","GREENWOOD_A","heatdegdays",1999-07-01,0,"{}"
"ecclimate","GREENWOOD_A","heatdegdays",1999-07-02,0,"{}"
"ecclimate","GREENWOOD_A","heatdegdays",1999-07-03,0,"{}"
"ecclimate","GREENWOOD_A","heatdegdays",1999-07-04,0,"{}"
"ecclimate","GREENWOOD_A","heatdegdays",1999-07-05,0,"{}"
"ecclimate","GREENWOOD_A","heatdegdays",1999-07-06,1.3,"{}"
"ecclimate","GREENWOOD_A","heatdegdays",1999-07-07,0,"{}"
"ecclimate","GREENWOOD_A","heatdegdays",1999-07-08,0,"{}"
"ecclimate","GREENWOOD_A","heatdegdays",1999-07-09,0.4,"{}"
"ecclimate","GREENWOOD_A","heatdegdays",1999-07-10,1.5,"{}"
"ecclimate","GREENWOOD_A","heatdegdays",1999-07-11,1.4,"{}"
"ecclimate","GREENWOOD_A","heatdegdays",1999-07-12,0.2,"{}"
"ecclimate","GREENWOOD_A","heatdegdays",1999-07-13,1.2,"{}"
"ecclimate","GREENWOOD_A","heatdegdays",1999-07-14,0,"{}"
"ecclimate","GREENWOOD_A","heatdegdays",1999-07-15,0,"{}"
"ecclimate","GREENWOOD_A","heatdegdays",1999-07-16,0,"{}"
"ecclimate","GREENWOOD_A","heatdegdays",1999-07-17,0,"{}"
"ecclimate","GREENWOOD_A","heatdegdays",1999-07-18,0,"{}"
"ecclimate","GREENWOOD_A","heatdegdays",1999-07-19,0,"{}"
"ecclimate","GREENWOOD_A","heatdegdays",1999-07-20,0.4,"{}"
"ecclimate","GREENWOOD_A","heatdegdays",1999-07-21,0,"{}"
"ecclimate","GREENWOOD_A","heatdegdays",1999-07-22,0,"{}"
"ecclimate","GREENWOOD_A","heatdegdays",1999-07-23,0,"{}"
"ecclimate","GREENWOOD_A","heatdegdays",1999-07-24,0,"{}"
"ecclimate","GREENWOOD_A","heatdegdays",1999-07-25,0,"{}"
"ecclimate","GREENWOOD_A","heatdegdays",1999-07-26,0,"{}"
"ecclimate","GREENWOOD_A","heatdegdays",1999-07-27,0,"{}"
"ecclimate","GREENWOOD_A","heatdegdays",1999-07-28,0,"{}"
"ecclimate","GREENWOOD_A","heatdegdays",1999-07-29,0,"{}"
"ecclimate","GREENWOOD_A","heatdegdays",1999-07-30,0,"{}"
"ecclimate","GREENWOOD_A","heatdegdays",1999-07-31,0,"{}"
"ecclimate","GREENWOOD_A","heatdegdays",1999-08-01,0,"{}"
"ecclimate","GREENWOOD_A","heatdegdays",1999-08-02,0,"{}"
"ecclimate","GREENWOOD_A","heatdegdays",1999-08-03,0,"{}"
"ecclimate","GREENWOOD_A","heatdegdays",1999-08-04,0,"{}"
"ecclimate","GREENWOOD_A","heatdegdays",1999-08-05,0,"{}"
"ecclimate","GREENWOOD_A","heatdegdays",1999-08-06,0,"{}"
"ecclimate","GREENWOOD_A","heatdegdays",1999-08-07,0,"{}"
"ecclimate","GREENWOOD_A","heatdegdays",1999-08-08,0,"{}"
"ecclimate","GREENWOOD_A","heatdegdays",1999-08-09,2.5,"{}"
"ecclimate","GREENWOOD_A","heatdegdays",1999-08-10,1.8,"{}"
"ecclimate","GREENWOOD_A","heatdegdays",1999-08-11,2,"{}"
"ecclimate","GREENWOOD_A","heatdegdays",1999-08-12,3.7,"{}"
"ecclimate","GREENWOOD_A","heatdegdays",1999-08-13,0,"{}"
"ecclimate","GREENWOOD_A","heatdegdays",1999-08-14,0,"{}"
"ecclimate","GREENWOOD_A","heatdegdays",1999-08-15,0,"{}"
"ecclimate","GREENWOOD_A","heatdegdays",1999-08-16,0.5,"{}"
"ecclimate","GREENWOOD_A","heatdegdays",1999-08-17,0,"{}"
"ecclimate","GREENWOOD_A","heatdegdays",1999-08-18,0,"{}"
"ecclimate","GREENWOOD_A","heatdegdays",1999-08-19,2.5,"{}"
"ecclimate","GREENWOOD_A","heatdegdays",1999-08-20,1.9,"{}"
"ecclimate","GREENWOOD_A","heatdegdays",1999-08-21,2.8,"{}"
"ecclimate","GREENWOOD_A","heatdegdays",1999-08-22,0.1,"{}"
"ecclimate","GREENWOOD_A","heatdegdays",1999-08-23,0,"{}"
"ecclimate","GREENWOOD_A","heatdegdays",1999-08-24,0,"{}"
"ecclimate","GREENWOOD_A","heatdegdays",1999-08-25,0,"{}"
"ecclimate","GREENWOOD_A","heatdegdays",1999-08-26,0,"{}"
"ecclimate","GREENWOOD_A","heatdegdays",1999-08-27,0,"{}"
"ecclimate","GREENWOOD_A","heatdegdays",1999-08-28,0,"{}"
"ecclimate","GREENWOOD_A","heatdegdays",1999-08-29,0,"{}"
"ecclimate","GREENWOOD_A","heatdegdays",1999-08-30,2.2,"{}"
"ecclimate","GREENWOOD_A","heatdegdays",1999-08-31,1.3,"{}"
"ecclimate","GREENWOOD_A","cooldegdays",1999-07-01,3.4,"{}"
"ecclimate","GREENWOOD_A","cooldegdays",1999-07-02,6.5,"{}"
"ecclimate","GREENWOOD_A","cooldegdays",1999-07-03,3.5,"{}"
"ecclimate","GREENWOOD_A","cooldegdays",1999-07-04,3.7,"{}"
"ecclimate","GREENWOOD_A","cooldegdays",1999-07-05,1.3,"{}"
"ecclimate","GREENWOOD_A","cooldegdays",1999-07-06,0,"{}"
"ecclimate","GREENWOOD_A","cooldegdays",1999-07-07,4.1,"{}"
"ecclimate","GREENWOOD_A","cooldegdays",1999-07-08,0.6,"{}"
"ecclimate","GREENWOOD_A","cooldegdays",1999-07-09,0,"{}"
"ecclimate","GREENWOOD_A","cooldegdays",1999-07-10,0,"{}"
"ecclimate","GREENWOOD_A","cooldegdays",1999-07-11,0,"{}"
"ecclimate","GREENWOOD_A","cooldegdays",1999-07-12,0,"{}"
"ecclimate","GREENWOOD_A","cooldegdays",1999-07-13,0,"{}"
"ecclimate","GREENWOOD_A","cooldegdays",1999-07-14,1.1,"{}"
"ecclimate","GREENWOOD_A","cooldegdays",1999-07-15,1.8,"{}"
"ecclimate","GREENWOOD_A","cooldegdays",1999-07-16,3.4,"{}"
"ecclimate","GREENWOOD_A","cooldegdays",1999-07-17,8.2,"{}"
"ecclimate","GREENWOOD_A","cooldegdays",1999-07-18,7.2,"{}"
"ecclimate","GREENWOOD_A","cooldegdays",1999-07-19,3.9,"{}"
"ecclimate","GREENWOOD_A","cooldegdays",1999-07-20,0,"{}"
"ecclimate","GREENWOOD_A","cooldegdays",1999-07-21,0.3,"{}"
"ecclimate","GREENWOOD_A","cooldegdays",1999-07-22,0.3,"{}"
"ecclimate","GREENWOOD_A","cooldegdays",1999-07-23,4.1,"{}"
"ecclimate","GREENWOOD_A","cooldegdays",1999-07-24,5.9,"{}"
"ecclimate","GREENWOOD_A","cooldegdays",1999-07-25,4.5,"{}"
"ecclimate","GREENWOOD_A","cooldegdays",1999-07-26,5.1,"{}"
"ecclimate","GREENWOOD_A","cooldegdays",1999-07-27,3.6,"{}"
"ecclimate","GREENWOOD_A","cooldegdays",1999-07-28,5.7,"{}"
"ecclimate","GREENWOOD_A","cooldegdays",1999-07-29,4.7,"{}"
"ecclimate","GREENWOOD_A","cooldegdays",1999-07-30,6.1,"{}"
"ecclimate","GREENWOOD_A","cooldegdays",1999-07-31,4.8,"{}"
"ecclimate","GREENWOOD_A","cooldegdays",1999-08-01,2.6,"{}"
"ecclimate","GREENWOOD_A","cooldegdays",1999-08-02,3.8,"{}"
"ecclimate","GREENWOOD_A","cooldegdays",1999-08-03,0.2,"{}"
"ecclimate","GREENWOOD_A","cooldegdays",1999-08-04,0.4,"{}"
"ecclimate","GREENWOOD_A","cooldegdays",1999-08-05,1,"{}"
"ecclimate","GREENWOOD_A","cooldegdays",1999-08-06,2.8,"{}"
"ecclimate","GREENWOOD_A","cooldegdays",1999-08-07,1.1,"{}"
"ecclimate","GREENWOOD_A","cooldegdays",1999-08-08,0.5,"{}"
"ecclimate","GREENWOOD_A","cooldegdays",1999-08-09,0,"{}"
"ecclimate","GREENWOOD_A","cooldegdays",1999-08-10,0,"{}"
"ecclimate","GREENWOOD_A","cooldegdays",1999-08-11,0,"{}"
"ecclimate","GREENWOOD_A","cooldegdays",1999-08-12,0,"{}"
"ecclimate","GREENWOOD_A","cooldegdays",1999-08-13,4.6,"{}"
"ecclimate","GREENWOOD_A","cooldegdays",1999-08-14,7.1,"{}"
"ecclimate","GREENWOOD_A","cooldegdays",1999-08-15,0.5,"{}"
"ecclimate","GREENWOOD_A","cooldegdays",1999-08-16,0,"{}"
"ecclimate","GREENWOOD_A","cooldegdays",1999-08-17,1.7,"{}"
"ecclimate","GREENWOOD_A","cooldegdays",1999-08-18,1.9,"{}"
"ecclimate","GREENWOOD_A","cooldegdays",1999-08-19,0,"{}"
"ecclimate","GREENWOOD_A","cooldegdays",1999-08-20,0,"{}"
"ecclimate","GREENWOOD_A","cooldegdays",1999-08-21,0,"{}"
"ecclimate","GREENWOOD_A","cooldegdays",1999-08-22,0,"{}"
"ecclimate","GREENWOOD_A","cooldegdays",1999-08-23,0.2,"{}"
"ecclimate","GREENWOOD_A","cooldegdays",1999-08-24,2.2,"{}"
"ecclimate","GREENWOOD_A","cooldegdays",1999-08-25,3.8,"{}"
"ecclimate","GREENWOOD_A","cooldegdays",1999-08-26,4.1,"{}"
"ecclimate","GREENWOOD_A","cooldegdays",1999-08-27,3.6,"{}"
"ecclimate","GREENWOOD_A","cooldegdays",1999-08-28,5.7,"{}"
"ecclimate","GREENWOOD_A","cooldegdays",1999-08-29,1.6,"{}"
"ecclimate","GREENWOOD_A","cooldegdays",1999-08-30,0,"{}"
"ecclimate","GREENWOOD_A","cooldegdays",1999-08-31,0,"{}"
"ecclimate","GREENWOOD_A","totalrain",1999-07-01,0,"{""flags"": ""TRUE""}"
"ecclimate","GREENWOOD_A","totalrain",1999-07-02,2,"{}"
"ecclimate","GREENWOOD_A","totalrain",1999-07-03,0,"{}"
"ecclimate","GREENWOOD_A","totalrain",1999-07-04,0,"{""flags"": ""TRUE""}"
"ecclimate","GREENWOOD_A","totalrain",1999-07-05,0.8,"{}"
"ecclimate","GREENWOOD_A","totalrain",1999-07-06,0,"{}"
"ecclimate","GREENWOOD_A","totalrain",1999-07-07,0.2,"{}"
"ecclimate","GREENWOOD_A","totalrain",1999-07-08,0.6,"{}"
"ecclimate","GREENWOOD_A","totalrain",1999-07-09,0,"{""flags"": ""TRUE""}"
"ecclimate","GREENWOOD_A","totalrain",1999-07-10,12.2,"{}"
"ecclimate","GREENWOOD_A","totalrain",1999-07-11,0,"{""flags"": ""TRUE""}"
"ecclimate","GREENWOOD_A","totalrain",1999-07-12,0,"{}"
"ecclimate","GREENWOOD_A","totalrain",1999-07-13,6.5,"{}"
"ecclimate","GREENWOOD_A","totalrain",1999-07-14,0,"{}"
"ecclimate","GREENWOOD_A","totalrain",1999-07-15,0,"{}"
"ecclimate","GREENWOOD_A","totalrain",1999-07-16,0,"{}"
"ecclimate","GREENWOOD_A","totalrain",1999-07-17,0,"{}"
"ecclimate","GREENWOOD_A","totalrain",1999-07-18,0,"{}"
"ecclimate","GREENWOOD_A","totalrain",1999-07-19,0,"{""flags"": ""TRUE""}"
"ecclimate","GREENWOOD_A","totalrain",1999-07-20,0,"{}"
"ecclimate","GREENWOOD_A","totalrain",1999-07-21,0,"{}"
"ecclimate","GREENWOOD_A","totalrain",1999-07-22,0,"{}"
"ecclimate","GREENWOOD_A","totalrain",1999-07-23,7,"{}"
"ecclimate","GREENWOOD_A","totalrain",1999-07-24,0,"{""flags"": ""TRUE""}"
"ecclimate","GREENWOOD_A","totalrain",1999-07-25,1.8,"{}"
"ecclimate","GREENWOOD_A","totalrain",1999-07-26,14.2,"{}"
"ecclimate","GREENWOOD_A","totalrain",1999-07-27,0,"{}"
"ecclimate","GREENWOOD_A","totalrain",1999-07-28,0,"{""flags"": ""TRUE""}"
"ecclimate","GREENWOOD_A","totalrain",1999-07-29,0,"{}"
"ecclimate","GREENWOOD_A","totalrain",1999-07-30,0,"{}"
"ecclimate","GREENWOOD_A","totalrain",1999-07-31,0,"{}"
"ecclimate","GREENWOOD_A","totalrain",1999-08-01,1.4,"{}"
"ecclimate","GREENWOOD_A","totalrain",1999-08-02,0,"{}"
"ecclimate","GREENWOOD_A","totalrain",1999-08-03,0,"{}"
"ecclimate","GREENWOOD_A","totalrain",1999-08-04,0,"{}"
"ecclimate","GREENWOOD_A","totalrain",1999-08-05,0,"{}"
"ecclimate","GREENWOOD_A","totalrain",1999-08-06,0,"{}"
"ecclimate","GREENWOOD_A","totalrain",1999-08-07,3.8,"{}"
"ecclimate","GREENWOOD_A","totalrain",1999-08-08,3.8,"{}"
"ecclimate","GREENWOOD_A","totalrain",1999-08-09,0.6,"{}"
"ecclimate","GREENWOOD_A","totalrain",1999-08-10,0,"{}"
"ecclimate","GREENWOOD_A","totalrain",1999-08-11,0,"{}"
"ecclimate","GREENWOOD_A","totalrain",1999-08-12,7.8,"{}"
"ecclimate","GREENWOOD_A","totalrain",1999-08-13,0,"{}"
"ecclimate","GREENWOOD_A","totalrain",1999-08-14,3.6,"{}"
"ecclimate","GREENWOOD_A","totalrain",1999-08-15,64.7,"{}"
"ecclimate","GREENWOOD_A","totalrain",1999-08-16,3.6,"{}"
"ecclimate","GREENWOOD_A","totalrain",1999-08-17,0,"{""flags"": ""TRUE""}"
"ecclimate","GREENWOOD_A","totalrain",1999-08-18,1,"{}"
"ecclimate","GREENWOOD_A","totalrain",1999-08-19,0,"{""flags"": ""TRUE""}"
"ecclimate","GREENWOOD_A","totalrain",1999-08-20,0,"{}"
"ecclimate","GREENWOOD_A","totalrain",1999-08-21,0,"{""flags"": ""TRUE""}"
"ecclimate","GREENWOOD_A","totalrain",1999-08-22,3.2,"{}"
"ecclimate","GREENWOOD_A","totalrain",1999-08-23,0.2,"{}"
"ecclimate","GREENWOOD_A","totalrain",1999-08-24,0,"{}"
"ecclimate","GREENWOOD_A","totalrain",1999-08-25,0,"{}"
"ecclimate","GREENWOOD_A","totalrain",1999-08-26,0,"{}"
"ecclimate","GREENWOOD_A","totalrain",1999-08-27,0,"{""flags"": ""TRUE""}"
"ecclimate","GREENWOOD_A","totalrain",1999-08-28,0.2,"{}"
"ecclimate","GREENWOOD_A","totalrain",1999-08-29,0,"{}"
"ecclimate","GREENWOOD_A","totalrain",1999-08-30,0,"{""flags"": ""TRUE""}"
"ecclimate","GREENWOOD_A","totalrain",1999-08-31,0,"{}"
"ecclimate","GREENWOOD_A","totalsnow",1999-07-01,0,"{}"
"ecclimate","GREENWOOD_A","totalsnow",1999-07-02,0,"{}"
"ecclimate","GREENWOOD_A","totalsnow",1999-07-03,0,"{}"
"ecclimate","GREENWOOD_A","totalsnow",1999-07-04,0,"{}"
"ecclimate","GREENWOOD_A","totalsnow",1999-07-05,0,"{}"
"ecclimate","GREENWOOD_A","totalsnow",1999-07-06,0,"{}"
"ecclimate","GREENWOOD_A","totalsnow",1999-07-07,0,"{}"
"ecclimate","GREENWOOD_A","totalsnow",1999-07-08,0,"{}"
"ecclimate","GREENWOOD_A","totalsnow",1999-07-09,0,"{}"
"ecclimate","GREENWOOD_A","totalsnow",1999-07-10,0,"{}"
"ecclimate","GREENWOOD_A","totalsnow",1999-07-11,0,"{}"
"ecclimate","GREENWOOD_A","totalsnow",1999-07-12,0,"{}"
"ecclimate","GREENWOOD_A","totalsnow",1999-07-13,0,"{}"
"ecclimate","GREENWOOD_A","totalsnow",1999-07-14,0,"{}"
"ecclimate","GREENWOOD_A","totalsnow",1999-07-15,0,"{}"
"ecclimate","GREENWOOD_A","totalsnow",1999-07-16,0,"{}"
"ecclimate","GREENWOOD_A","totalsnow",1999-07-17,0,"{}"
"ecclimate","GREENWOOD_A","totalsnow",1999-07-18,0,"{}"
"ecclimate","GREENWOOD_A","totalsnow",1999-07-19,0,"{}"
"ecclimate","GREENWOOD_A","totalsnow",1999-07-20,0,"{}"
"ecclimate","GREENWOOD_A","totalsnow",1999-07-21,0,"{}"
"ecclimate","GREENWOOD_A","totalsnow",1999-07-22,0,"{}"
"ecclimate","GREENWOOD_A","totalsnow",1999-07-23,0,"{}"
"ecclimate","GREENWOOD_A","totalsnow",1999-07-24,0,"{}"
"ecclimate","GREENWOOD_A","totalsnow",1999-07-25,0,"{}"
"ecclimate","GREENWOOD_A","totalsnow",1999-07-26,0,"{}"
"ecclimate","GREENWOOD_A","totalsnow",1999-07-27,0,"{}"
"ecclimate","GREENWOOD_A","totalsnow",1999-07-28,0,"{}"
"ecclimate","GREENWOOD_A","totalsnow",1999-07-29,0,"{}"
"ecclimate","GREENWOOD_A","totalsnow",1999-07-30,0,"{}"
"ecclimate","GREENWOOD_A","totalsnow",1999-07-31,0,"{}"
"ecclimate","GREENWOOD_A","totalsnow",1999-08-01,0,"{}"
"ecclimate","GREENWOOD_A","totalsnow",1999-08-02,0,"{}"
"ecclimate","GREENWOOD_A","totalsnow",1999-08-03,0,"{}"
"ecclimate","GREENWOOD_A","totalsnow",1999-08-04,0,"{}"
"ecclimate","GREENWOOD_A","totalsnow",1999-08-05,0,"{}"
"ecclimate","GREENWOOD_A","totalsnow",1999-08-06,0,"{}"
"ecclimate","GREENWOOD_A","totalsnow",1999-08-07,0,"{}"
"ecclimate","GREENWOOD_A","totalsnow",1999-08-08,0,"{}"
"ecclimate","GREENWOOD_A","totalsnow",1999-08-09,0,"{}"
"ecclimate","GREENWOOD_A","totalsnow",1999-08-10,0,"{}"
"ecclimate","GREENWOOD_A","totalsnow",1999-08-11,0,"{}"
"ecclimate","GREENWOOD_A","totalsnow",1999-08-12,0,"{}"
"ecclimate","GREENWOOD_A","totalsnow",1999-08-13,0,"{}"
"ecclimate","GREENWOOD_A","totalsnow",1999-08-14,0,"{}"
"ecclimate","GREENWOOD_A","totalsnow",1999-08-15,0,"{}"
"ecclimate","GREENWOOD_A","totalsnow",1999-08-16,0,"{}"
"ecclimate","GREENWOOD_A","totalsnow",1999-08-17,0,"{}"
"ecclimate","GREENWOOD_A","totalsnow",1999-08-18,0,"{}"
"ecclimate","GREENWOOD_A","totalsnow",1999-08-19,0,"{}"
"ecclimate","GREENWOOD_A","totalsnow",1999-08-20,0,"{}"
"ecclimate","GREENWOOD_A","totalsnow",1999-08-21,0,"{}"
"ecclimate","GREENWOOD_A","totalsnow",1999-08-22,0,"{}"
"ecclimate","GREENWOOD_A","totalsnow",1999-08-23,0,"{}"
"ecclimate","GREENWOOD_A","totalsnow",1999-08-24,0,"{}"
"ecclimate","GREENWOOD_A","totalsnow",1999-08-25,0,"{}"
"ecclimate","GREENWOOD_A","totalsnow",1999-08-26,0,"{}"
"ecclimate","GREENWOOD_A","totalsnow",1999-08-27,0,"{}"
"ecclimate","GREENWOOD_A","totalsnow",1999-08-28,0,"{}"
"ecclimate","GREENWOOD_A","totalsnow",1999-08-29,0,"{}"
"ecclimate","GREENWOOD_A","totalsnow",1999-08-30,0,"{}"
"ecclimate","GREENWOOD_A","totalsnow",1999-08-31,0,"{}"
"ecclimate","GREENWOOD_A","totalprecip",1999-07-01,0,"{""flags"": ""TRUE""}"
"ecclimate","GREENWOOD_A","totalprecip",1999-07-02,2,"{}"
"ecclimate","GREENWOOD_A","totalprecip",1999-07-03,0,"{}"
"ecclimate","GREENWOOD_A","totalprecip",1999-07-04,0,"{""flags"": ""TRUE""}"
"ecclimate","GREENWOOD_A","totalprecip",1999-07-05,0.8,"{}"
"ecclimate","GREENWOOD_A","totalprecip",1999-07-06,0,"{}"
"ecclimate","GREENWOOD_A","totalprecip",1999-07-07,0.2,"{}"
"ecclimate","GREENWOOD_A","totalprecip",1999-07-08,0.6,"{}"
"ecclimate","GREENWOOD_A","totalprecip",1999-07-09,0,"{""flags"": ""TRUE""}"
"ecclimate","GREENWOOD_A","totalprecip",1999-07-10,12.2,"{}"
"ecclimate","GREENWOOD_A","totalprecip",1999-07-11,0,"{""flags"": ""TRUE""}"
"ecclimate","GREENWOOD_A","totalprecip",1999-07-12,0,"{}"
"ecclimate","GREENWOOD_A","totalprecip",1999-07-13,6.5,"{}"
"ecclimate","GREENWOOD_A","totalprecip",1999-07-14,0,"{}"
"ecclimate","GREENWOOD_A","totalprecip",1999-07-15,0,"{}"
"ecclimate","GREENWOOD_A","totalprecip",1999-07-16,0,"{}"
"ecclimate","GREENWOOD_A","totalprecip",1999-07-17,0,"{}"
"ecclimate","GREENWOOD_A","totalprecip",1999-07-18,0,"{}"
"ecclimate","GREENWOOD_A","totalprecip",1999-07-19,0,"{""flags"": ""TRUE""}"
"ecclimate","GREENWOOD_A","totalprecip",1999-07-20,0,"{}"
"ecclimate","GREENWOOD_A","totalprecip",1999-07-21,0,"{}"
"ecclimate","GREENWOOD_A","totalprecip",1999-07-22,0,"{}"
"ecclimate","GREENWOOD_A","totalprecip",1999-07-23,7,"{}"
"ecclimate","GREENWOOD_A","totalprecip",1999-07-24,0,"{""flags"": ""TRUE""}"
"ecclimate","GREENWOOD_A","totalprecip",1999-07-25,1.8,"{}"
"ecclimate","GREENWOOD_A","totalprecip",1999-07-26,14.2,"{}"
"ecclimate","GREENWOOD_A","totalprecip",1999-07-27,0,"{}"
"ecclimate","GREENWOOD_A","totalprecip",1999-07-28,0,"{""flags"": ""TRUE""}"
"ecclimate","GREENWOOD_A","totalprecip",1999-07-29,0,"{}"
"ecclimate","GREENWOOD_A","totalprecip",1999-07-30,0,"{}"
"ecclimate","GREENWOOD_A","totalprecip",1999-07-31,0,"{}"
"ecclimate","GREENWOOD_A","totalprecip",1999-08-01,1.4,"{}"
"ecclimate","GREENWOOD_A","totalprecip",1999-08-02,0,"{}"
"ecclimate","GREENWOOD_A","totalprecip",1999-08-03,0,"{}"
"ecclimate","GREENWOOD_A","totalprecip",1999-08-04,0,"{}"
"ecclimate","GREENWOOD_A","totalprecip",1999-08-05,0,"{}"
"ecclimate","GREENWOOD_A","totalprecip",1999-08-06,0,"{}"
"ecclimate","GREENWOOD_A","totalprecip",1999-08-07,3.8,"{}"
"ecclimate","GREENWOOD_A","totalprecip",1999-08-08,3.8,"{}"
"ecclimate","GREENWOOD_A","totalprecip",1999-08-09,0.6,"{}"
"ecclimate","GREENWOOD_A","totalprecip",1999-08-10,0,"{}"
"ecclimate","GREENWOOD_A","totalprecip",1999-08-11,0,"{}"
"ecclimate","GREENWOOD_A","totalprecip",1999-08-12,7.8,"{}"
"ecclimate","GREENWOOD_A","totalprecip",1999-08-13,0,"{}"
"ecclimate","GREENWOOD_A","totalprecip",1999-08-14,3.6,"{}"
"ecclimate","GREENWOOD_A","totalprecip",1999-08-15,64.7,"{}"
"ecclimate","GREENWOOD_A","totalprecip",1999-08-16,3.6,"{}"
"ecclimate","GREENWOOD_A","totalprecip",1999-08-17,0,"{""flags"": ""TRUE""}"
"ecclimate","GREENWOOD_A","totalprecip",1999-08-18,1,"{}"
"ecclimate","GREENWOOD_A","totalprecip",1999-08-19,0,"{""flags"": ""TRUE""}"
"ecclimate","GREENWOOD_A","totalprecip",1999-08-20,0,"{}"
"ecclimate","GREENWOOD_A","totalprecip",1999-08-21,0,"{""flags"": ""TRUE""}"
"ecclimate","GREENWOOD_A","totalprecip",1999-08-22,3.2,"{}"
"ecclimate","GREENWOOD_A","totalprecip",1999-08-23,0.2,"{}"
"ecclimate","GREENWOOD_A","totalprecip",1999-08-24,0,"{}"
"ecclimate","GREENWOOD_A","totalprecip",1999-08-25,0,"{}"
"ecclimate","GREENWOOD_A","totalprecip",1999-08-26,0,"{}"
"ecclimate","GREENWOOD_A","totalprecip",1999-08-27,0,"{""flags"": ""TRUE""}"
"ecclimate","GREENWOOD_A","totalprecip",1999-08-28,0.2,"{}"
"ecclimate","GREENWOOD_A","totalprecip",1999-08-29,0,"{}"
"ecclimate","GREENWOOD_A","totalprecip",1999-08-30,0,"{""flags"": ""TRUE""}"
"ecclimate","GREENWOOD_A","totalprecip",1999-08-31,0,"{}"
"ecclimate","GREENWOOD_A","snowongrnd",1999-07-01,0,"{}"
"ecclimate","GREENWOOD_A","snowongrnd",1999-07-02,0,"{}"
"ecclimate","GREENWOOD_A","snowongrnd",1999-07-03,0,"{}"
"ecclimate","GREENWOOD_A","snowongrnd",1999-07-04,0,"{}"
"ecclimate","GREENWOOD_A","snowongrnd",1999-07-05,0,"{}"
"ecclimate","GREENWOOD_A","snowongrnd",1999-07-06,0,"{}"
"ecclimate","GREENWOOD_A","snowongrnd",1999-07-07,0,"{}"
"ecclimate","GREENWOOD_A","snowongrnd",1999-07-08,0,"{}"
"ecclimate","GREENWOOD_A","snowongrnd",1999-07-09,0,"{}"
"ecclimate","GREENWOOD_A","snowongrnd",1999-07-10,0,"{}"
"ecclimate","GREENWOOD_A","snowongrnd",1999-07-11,0,"{}"
"ecclimate","GREENWOOD_A","snowongrnd",1999-07-12,0,"{}"
"ecclimate","GREENWOOD_A","snowongrnd",1999-07-13,0,"{}"
"ecclimate","GREENWOOD_A","snowongrnd",1999-07-14,0,"{}"
"ecclimate","GREENWOOD_A","snowongrnd",1999-07-15,0,"{}"
"ecclimate","GREENWOOD_A","snowongrnd",1999-07-16,0,"{}"
"ecclimate","GREENWOOD_A","snowongrnd",1999-07-17,0,"{}"
"ecclimate","GREENWOOD_A","snowongrnd",1999-07-18,0,"{}"
"ecclimate","GREENWOOD_A","snowongrnd",1999-07-19,0,"{}"
"ecclimate","GREENWOOD_A","snowongrnd",1999-07-20,0,"{}"
"ecclimate","GREENWOOD_A","snowongrnd",1999-07-21,0,"{}"
"ecclimate","GREENWOOD_A","snowongrnd",1999-07-22,0,"{}"
"ecclimate","GREENWOOD_A","snowongrnd",1999-07-23,0,"{}"
"ecclimate","GREENWOOD_A","snowongrnd",1999-07-24,0,"{}"
"ecclimate","GREENWOOD_A","snowongrnd",1999-07-25,0,"{}"
"ecclimate","GREENWOOD_A","snowongrnd",1999-07-26,0,"{}"
"ecclimate","GREENWOOD_A","snowongrnd",1999-07-27,0,"{}"
"ecclimate","GREENWOOD_A","snowongrnd",1999-07-28,0,"{}"
"ecclimate","GREENWOOD_A","snowongrnd",1999-07-29,0,"{}"
"ecclimate","GREENWOOD_A","snowongrnd",1999-07-30,0,"{}"
"ecclimate","GREENWOOD_A","snowongrnd",1999-07-31,0,"{}"
"ecclimate","GREENWOOD_A","snowongrnd",1999-08-01,0,"{}"
"ecclimate","GREENWOOD_A","snowongrnd",1999-08-02,0,"{}"
"ecclimate","GREENWOOD_A","snowongrnd",1999-08-03,0,"{}"
"ecclimate","GREENWOOD_A","snowongrnd",1999-08-04,0,"{}"
"ecclimate","GREENWOOD_A","snowongrnd",1999-08-05,0,"{}"
"ecclimate","GREENWOOD_A","snowongrnd",1999-08-06,0,"{}"
"ecclimate","GREENWOOD_A","snowongrnd",1999-08-07,0,"{}"
"ecclimate","GREENWOOD_A","snowongrnd",1999-08-08,0,"{}"
"ecclimate","GREENWOOD_A","snowongrnd",1999-08-09,0,"{}"
"ecclimate","GREENWOOD_A","snowongrnd",1999-08-10,0,"{}"
"ecclimate","GREENWOOD_A","snowongrnd",1999-08-11,0,"{}"
"ecclimate","GREENWOOD_A","snowongrnd",1999-08-12,0,"{}"
"ecclimate","GREENWOOD_A","snowongrnd",1999-08-13,0,"{}"
"ecclimate","GREENWOOD_A","snowongrnd",1999-08-14,0,"{}"
"ecclimate","GREENWOOD_A","snowongrnd",1999-08-15,0,"{}"
"ecclimate","GREENWOOD_A","snowongrnd",1999-08-16,0,"{}"
"ecclimate","GREENWOOD_A","snowongrnd",1999-08-17,0,"{}"
"ecclimate","GREENWOOD_A","snowongrnd",1999-08-18,0,"{}"
"ecclimate","GREENWOOD_A","snowongrnd",1999-08-19,0,"{}"
"ecclimate","GREENWOOD_A","snowongrnd",1999-08-20,0,"{}"
"ecclimate","GREENWOOD_A","snowongrnd",1999-08-21,0,"{}"
"ecclimate","GREENWOOD_A","snowongrnd",1999-08-22,0,"{}"
"ecclimate","GREENWOOD_A","snowongrnd",1999-08-23,0,"{}"
"ecclimate","GREENWOOD_A","snowongrnd",1999-08-24,0,"{}"
"ecclimate","GREENWOOD_A","snowongrnd",1999-08-25,0,"{}"
"ecclimate","GREENWOOD_A","snowongrnd",1999-08-26,0,"{}"
"ecclimate","GREENWOOD_A","snowongrnd",1999-08-27,0,"{}"
"ecclimate","GREENWOOD_A","snowongrnd",1999-08-28,0,"{}"
"ecclimate","GREENWOOD_A","snowongrnd",1999-08-29,0,"{}"
"ecclimate","GREENWOOD_A","snowongrnd",1999-08-30,0,"{}"
"ecclimate","GREENWOOD_A","snowongrnd",1999-08-31,0,"{}"
"ecclimate","GREENWOOD_A","dirofmaxgust",1999-07-01,NA,"{}"
"ecclimate","GREENWOOD_A","dirofmaxgust",1999-07-02,23,"{""flags"": ""E""}"
"ecclimate","GREENWOOD_A","dirofmaxgust",1999-07-03,NA,"{}"
"ecclimate","GREENWOOD_A","dirofmaxgust",1999-07-04,NA,"{}"
"ecclimate","GREENWOOD_A","dirofmaxgust",1999-07-05,NA,"{}"
"ecclimate","GREENWOOD_A","dirofmaxgust",1999-07-06,NA,"{}"
"ecclimate","GREENWOOD_A","dirofmaxgust",1999-07-07,27,"{""flags"": ""E""}"
"ecclimate","GREENWOOD_A","dirofmaxgust",1999-07-08,27,"{""flags"": ""E""}"
"ecclimate","GREENWOOD_A","dirofmaxgust",1999-07-09,26,"{""flags"": ""E""}"
"ecclimate","GREENWOOD_A","dirofmaxgust",1999-07-10,14,"{""flags"": ""E""}"
"ecclimate","GREENWOOD_A","dirofmaxgust",1999-07-11,27,"{""flags"": ""E""}"
"ecclimate","GREENWOOD_A","dirofmaxgust",1999-07-12,NA,"{}"
"ecclimate","GREENWOOD_A","dirofmaxgust",1999-07-13,NA,"{}"
"ecclimate","GREENWOOD_A","dirofmaxgust",1999-07-14,NA,"{}"
"ecclimate","GREENWOOD_A","dirofmaxgust",1999-07-15,28,"{""flags"": ""E""}"
"ecclimate","GREENWOOD_A","dirofmaxgust",1999-07-16,NA,"{}"
"ecclimate","GREENWOOD_A","dirofmaxgust",1999-07-17,23,"{""flags"": ""E""}"
"ecclimate","GREENWOOD_A","dirofmaxgust",1999-07-18,NA,"{}"
"ecclimate","GREENWOOD_A","dirofmaxgust",1999-07-19,25,"{""flags"": ""E""}"
"ecclimate","GREENWOOD_A","dirofmaxgust",1999-07-20,NA,"{}"
"ecclimate","GREENWOOD_A","dirofmaxgust",1999-07-21,NA,"{}"
"ecclimate","GREENWOOD_A","dirofmaxgust",1999-07-22,21,"{""flags"": ""E""}"
"ecclimate","GREENWOOD_A","dirofmaxgust",1999-07-23,22,"{""flags"": ""E""}"
"ecclimate","GREENWOOD_A","dirofmaxgust",1999-07-24,17,"{""flags"": ""E""}"
"ecclimate","GREENWOOD_A","dirofmaxgust",1999-07-25,NA,"{}"
"ecclimate","GREENWOOD_A","dirofmaxgust",1999-07-26,NA,"{}"
"ecclimate","GREENWOOD_A","dirofmaxgust",1999-07-27,NA,"{}"
"ecclimate","GREENWOOD_A","dirofmaxgust",1999-07-28,27,"{""flags"": ""E""}"
"ecclimate","GREENWOOD_A","dirofmaxgust",1999-07-29,NA,"{}"
"ecclimate","GREENWOOD_A","dirofmaxgust",1999-07-30,NA,"{}"
"ecclimate","GREENWOOD_A","dirofmaxgust",1999-07-31,NA,"{}"
"ecclimate","GREENWOOD_A","dirofmaxgust",1999-08-01,21,"{""flags"": ""E""}"
"ecclimate","GREENWOOD_A","dirofmaxgust",1999-08-02,NA,"{}"
"ecclimate","GREENWOOD_A","dirofmaxgust",1999-08-03,NA,"{}"
"ecclimate","GREENWOOD_A","dirofmaxgust",1999-08-04,NA,"{}"
"ecclimate","GREENWOOD_A","dirofmaxgust",1999-08-05,14,"{""flags"": ""E""}"
"ecclimate","GREENWOOD_A","dirofmaxgust",1999-08-06,28,"{""flags"": ""E""}"
"ecclimate","GREENWOOD_A","dirofmaxgust",1999-08-07,28,"{""flags"": ""E""}"
"ecclimate","GREENWOOD_A","dirofmaxgust",1999-08-08,22,"{""flags"": ""E""}"
"ecclimate","GREENWOOD_A","dirofmaxgust",1999-08-09,28,"{""flags"": ""E""}"
"ecclimate","GREENWOOD_A","dirofmaxgust",1999-08-10,24,"{""flags"": ""E""}"
"ecclimate","GREENWOOD_A","dirofmaxgust",1999-08-11,NA,"{}"
"ecclimate","GREENWOOD_A","dirofmaxgust",1999-08-12,19,"{""flags"": ""E""}"
"ecclimate","GREENWOOD_A","dirofmaxgust",1999-08-13,20,"{""flags"": ""E""}"
"ecclimate","GREENWOOD_A","dirofmaxgust",1999-08-14,20,"{""flags"": ""E""}"
"ecclimate","GREENWOOD_A","dirofmaxgust",1999-08-15,NA,"{}"
"ecclimate","GREENWOOD_A","dirofmaxgust",1999-08-16,NA,"{}"
"ecclimate","GREENWOOD_A","dirofmaxgust",1999-08-17,25,"{""flags"": ""E""}"
"ecclimate","GREENWOOD_A","dirofmaxgust",1999-08-18,21,"{""flags"": ""E""}"
"ecclimate","GREENWOOD_A","dirofmaxgust",1999-08-19,1,"{""flags"": ""E""}"
"ecclimate","GREENWOOD_A","dirofmaxgust",1999-08-20,NA,"{}"
"ecclimate","GREENWOOD_A","dirofmaxgust",1999-08-21,NA,"{}"
"ecclimate","GREENWOOD_A","dirofmaxgust",1999-08-22,NA,"{}"
"ecclimate","GREENWOOD_A","dirofmaxgust",1999-08-23,NA,"{}"
"ecclimate","GREENWOOD_A","dirofmaxgust",1999-08-24,NA,"{}"
"ecclimate","GREENWOOD_A","dirofmaxgust",1999-08-25,NA,"{}"
"ecclimate","GREENWOOD_A","dirofmaxgust",1999-08-26,NA,"{}"
"ecclimate","GREENWOOD_A","dirofmaxgust",1999-08-27,NA,"{}"
"ecclimate","GREENWOOD_A","dirofmaxgust",1999-08-28,20,"{""flags"": ""E""}"
"ecclimate","GREENWOOD_A","dirofmaxgust",1999-08-29,29,"{""flags"": ""E""}"
"ecclimate","GREENWOOD_A","dirofmaxgust",1999-08-30,33,"{""flags"": ""E""}"
"ecclimate","GREENWOOD_A","dirofmaxgust",1999-08-31,NA,"{}"
"ecclimate","GREENWOOD_A","spdofmaxgust",1999-07-01,NA,"{}"
"ecclimate","GREENWOOD_A","spdofmaxgust",1999-07-02,74,"{""flags"": ""E""}"
"ecclimate","GREENWOOD_A","spdofmaxgust",1999-07-03,NA,"{}"
"ecclimate","GREENWOOD_A","spdofmaxgust",1999-07-04,NA,"{}"
"ecclimate","GREENWOOD_A","spdofmaxgust",1999-07-05,NA,"{}"
"ecclimate","GREENWOOD_A","spdofmaxgust",1999-07-06,NA,"{}"
"ecclimate","GREENWOOD_A","spdofmaxgust",1999-07-07,56,"{""flags"": ""E""}"
"ecclimate","GREENWOOD_A","spdofmaxgust",1999-07-08,48,"{""flags"": ""E""}"
"ecclimate","GREENWOOD_A","spdofmaxgust",1999-07-09,46,"{""flags"": ""E""}"
"ecclimate","GREENWOOD_A","spdofmaxgust",1999-07-10,33,"{""flags"": ""E""}"
"ecclimate","GREENWOOD_A","spdofmaxgust",1999-07-11,50,"{""flags"": ""E""}"
"ecclimate","GREENWOOD_A","spdofmaxgust",1999-07-12,NA,"{}"
"ecclimate","GREENWOOD_A","spdofmaxgust",1999-07-13,NA,"{}"
"ecclimate","GREENWOOD_A","spdofmaxgust",1999-07-14,NA,"{}"
"ecclimate","GREENWOOD_A","spdofmaxgust",1999-07-15,33,"{""flags"": ""E""}"
"ecclimate","GREENWOOD_A","spdofmaxgust",1999-07-16,NA,"{}"
"ecclimate","GREENWOOD_A","spdofmaxgust",1999-07-17,50,"{""flags"": ""E""}"
"ecclimate","GREENWOOD_A","spdofmaxgust",1999-07-18,NA,"{}"
"ecclimate","GREENWOOD_A","spdofmaxgust",1999-07-19,37,"{""flags"": ""E""}"
"ecclimate","GREENWOOD_A","spdofmaxgust",1999-07-20,NA,"{}"
"ecclimate","GREENWOOD_A","spdofmaxgust",1999-07-21,NA,"{}"
"ecclimate","GREENWOOD_A","spdofmaxgust",1999-07-22,32,"{""flags"": ""E""}"
"ecclimate","GREENWOOD_A","spdofmaxgust",1999-07-23,33,"{""flags"": ""E""}"
"ecclimate","GREENWOOD_A","spdofmaxgust",1999-07-24,33,"{""flags"": ""E""}"
"ecclimate","GREENWOOD_A","spdofmaxgust",1999-07-25,NA,"{}"
"ecclimate","GREENWOOD_A","spdofmaxgust",1999-07-26,NA,"{}"
"ecclimate","GREENWOOD_A","spdofmaxgust",1999-07-27,NA,"{}"
"ecclimate","GREENWOOD_A","spdofmaxgust",1999-07-28,32,"{""flags"": ""E""}"
"ecclimate","GREENWOOD_A","spdofmaxgust",1999-07-29,NA,"{}"
"ecclimate","GREENWOOD_A","spdofmaxgust",1999-07-30,NA,"{}"
"ecclimate","GREENWOOD_A","spdofmaxgust",1999-07-31,NA,"{}"
"ecclimate","GREENWOOD_A","spdofmaxgust",1999-08-01,35,"{""flags"": ""E""}"
"ecclimate","GREENWOOD_A","spdofmaxgust",1999-08-02,NA,"{}"
"ecclimate","GREENWOOD_A","spdofmaxgust",1999-08-03,NA,"{}"
"ecclimate","GREENWOOD_A","spdofmaxgust",1999-08-04,NA,"{}"
"ecclimate","GREENWOOD_A","spdofmaxgust",1999-08-05,37,"{""flags"": ""E""}"
"ecclimate","GREENWOOD_A","spdofmaxgust",1999-08-06,32,"{""flags"": ""E""}"
"ecclimate","GREENWOOD_A","spdofmaxgust",1999-08-07,35,"{""flags"": ""E""}"
"ecclimate","GREENWOOD_A","spdofmaxgust",1999-08-08,32,"{""flags"": ""E""}"
"ecclimate","GREENWOOD_A","spdofmaxgust",1999-08-09,54,"{""flags"": ""E""}"
"ecclimate","GREENWOOD_A","spdofmaxgust",1999-08-10,39,"{""flags"": ""E""}"
"ecclimate","GREENWOOD_A","spdofmaxgust",1999-08-11,NA,"{}"
"ecclimate","GREENWOOD_A","spdofmaxgust",1999-08-12,33,"{""flags"": ""E""}"
"ecclimate","GREENWOOD_A","spdofmaxgust",1999-08-13,39,"{""flags"": ""E""}"
"ecclimate","GREENWOOD_A","spdofmaxgust",1999-08-14,52,"{""flags"": ""E""}"
"ecclimate","GREENWOOD_A","spdofmaxgust",1999-08-15,NA,"{}"
"ecclimate","GREENWOOD_A","spdofmaxgust",1999-08-16,NA,"{}"
"ecclimate","GREENWOOD_A","spdofmaxgust",1999-08-17,35,"{""flags"": ""E""}"
"ecclimate","GREENWOOD_A","spdofmaxgust",1999-08-18,37,"{""flags"": ""E""}"
"ecclimate","GREENWOOD_A","spdofmaxgust",1999-08-19,35,"{""flags"": ""E""}"
"ecclimate","GREENWOOD_A","spdofmaxgust",1999-08-20,NA,"{}"
"ecclimate","GREENWOOD_A","spdofmaxgust",1999-08-21,NA,"{}"
"ecclimate","GREENWOOD_A","spdofmaxgust",1999-08-22,NA,"{}"
"ecclimate","GREENWOOD_A","spdofmaxgust",1999-08-23,NA,"{}"
"ecclimate","GREENWOOD_A","spdofmaxgust",1999-08-24,NA,"{}"
"ecclimate","GREENWOOD_A","spdofmaxgust",1999-08-25,NA,"{}"
"ecclimate","GREENWOOD_A","spdofmaxgust",1999-08-26,NA,"{}"
"ecclimate","GREENWOOD_A","spdofmaxgust",1999-08-27,NA,"{}"
"ecclimate","GREENWOOD_A","spdofmaxgust",1999-08-28,41,"{""flags"": ""E""}"
"ecclimate","GREENWOOD_A","spdofmaxgust",1999-08-29,39,"{""flags"": ""E""}"
"ecclimate","GREENWOOD_A","spdofmaxgust",1999-08-30,35,"{""flags"": ""E""}"
"ecclimate","GREENWOOD_A","spdofmaxgust",1999-08-31,NA,"{}"
