"dataset","param","tags"
"ecclimate","maxtemp","{""label"": ""Max Temp (C)""}"
"ecclimate","mintemp","{""label"": ""Min Temp (C)""}"
"ecclimate","meantemp","{""label"": ""Mean Temp (C)""}"
"ecclimate","heatdegdays","{""label"": ""Heat Deg Days (C)""}"
"ecclimate","cooldegdays","{""label"": ""Cool Deg Days (C)""}"
"ecclimate","totalrain","{""label"": ""Total Rain (mm)""}"
"ecclimate","totalsnow","{""label"": ""Total Snow (cm)""}"
"ecclimate","totalprecip","{""label"": ""Total Precip (mm)""}"
"ecclimate","snowongrnd","{""label"": ""Snow on Grnd (cm)""}"
"ecclimate","dirofmaxgust","{""label"": ""Dir of Max Gust (10s deg)""}"
"ecclimate","spdofmaxgust","{""label"": ""Spd of Max Gust (km/h)""}"
